taz,parkingType,pricingModel,chargingType,numStalls,feeInCents,ReservedFor
101157,Residential,Block,NoCharger,412,0.0,Any
100831,Residential,Block,NoCharger,139,0.0,Any
100831,Workplace,Block,NoCharger,17,0.0,Any
100692,Residential,Block,NoCharger,256,0.0,Any
100692,Workplace,Block,NoCharger,106,0.0,Any
201542,Public,Block,NoCharger,1000000,0.0,Any
201542,Residential,Block,NoCharger,465,0.0,Any
201542,Workplace,Block,NoCharger,1000000,0.0,Any
201552,Public,Block,NoCharger,1000000,0.0,Any
201552,Residential,Block,NoCharger,397,0.0,Any
201552,Workplace,Block,NoCharger,1000000,0.0,Any
100827,Residential,Block,NoCharger,456,0.0,Any
10001O,Public,Block,NoCharger,32,885.61682,Any
10001O,Public,Block,NoCharger,312,269.6431,Any
10001O,Residential,Block,NoCharger,8,0.0,Any
100511,Residential,Block,NoCharger,242,0.0,Any
10001L,Public,Block,NoCharger,34,885.61682,Any
10001L,Public,Block,NoCharger,230,269.6431,Any
10001L,Residential,Block,NoCharger,8,0.0,Any
10001N,Public,Block,NoCharger,41,885.61682,Any
10001N,Public,Block,NoCharger,150,269.6431,Any
10001N,Residential,Block,NoCharger,11,0.0,Any
100366,Residential,Block,NoCharger,388,0.0,Any
100212,Public,Block,NoCharger,85,130.0,Any
100212,Public,Block,NoCharger,122,95.0,Any
100212,Public,Block,NoCharger,50,0.0,Any
100212,Residential,Block,NoCharger,660,0.0,Any
100194,Public,Block,NoCharger,500,256.36072,Any
100194,Residential,Block,NoCharger,362,0.0,Any
10001V,Public,Block,NoCharger,40,716.27252,Any
10001V,Residential,Block,NoCharger,41,0.0,Any
10001P,Public,Block,NoCharger,3,885.61682,Any
10001P,Residential,Block,NoCharger,3,0.0,Any
10009E,Public,Block,NoCharger,39,981.7764300000001,Any
10009E,Public,Block,NoCharger,816,237.35252000000003,Any
10009E,Residential,Block,NoCharger,47,0.0,Any
10009A,Public,Block,NoCharger,110,981.7764300000001,Any
10009A,Public,Block,NoCharger,311,237.35252000000003,Any
10009A,Residential,Block,NoCharger,47,0.0,Any
10001R,Public,Block,NoCharger,34,716.27252,Any
10001R,Residential,Block,NoCharger,40,0.0,Any
100367,Public,Block,NoCharger,12,123.0,Any
100367,Residential,Block,NoCharger,409,0.0,Any
201414,Public,Block,NoCharger,1000000,0.0,Any
201414,Residential,Block,NoCharger,264,0.0,Any
201414,Workplace,Block,NoCharger,1000000,0.0,Any
10001C,Public,Block,NoCharger,23,885.61682,Any
10001C,Public,Block,NoCharger,500,269.6431,Any
10001C,Residential,Block,NoCharger,10,0.0,Any
201411,Public,Block,NoCharger,1000000,0.0,Any
201411,Residential,Block,NoCharger,1186,0.0,Any
201411,Workplace,Block,NoCharger,1000000,0.0,Any
100369,Public,Block,NoCharger,176,129.92776,Any
100369,Public,Block,NoCharger,606,0.0,Any
100369,Residential,Block,NoCharger,525,0.0,Any
100369,Workplace,Block,NoCharger,153,0.0,Any
10001E,Public,Block,NoCharger,24,885.61682,Any
10001E,Residential,Block,NoCharger,5,0.0,Any
10001D,Public,Block,NoCharger,13,885.61682,Any
10001D,Residential,Block,NoCharger,5,0.0,Any
100211,Public,Block,NoCharger,144,130.0,Any
100211,Public,Block,NoCharger,138,95.0,Any
100211,Residential,Block,NoCharger,627,0.0,Any
201292,Public,Block,NoCharger,1000000,0.0,Any
201292,Residential,Block,NoCharger,772,0.0,Any
201292,Workplace,Block,NoCharger,1000000,0.0,Any
201322,Public,Block,NoCharger,1000000,0.0,Any
201322,Residential,Block,NoCharger,868,0.0,Any
201322,Workplace,Block,NoCharger,1000000,0.0,Any
100097,Public,Block,NoCharger,80,981.7764300000001,Any
100097,Residential,Block,NoCharger,52,0.0,Any
100097,Workplace,Block,NoCharger,285,0.0,Any
100199,Public,Block,NoCharger,4,933.15295,Any
100199,Public,Block,NoCharger,405,256.36072,Any
100199,Residential,Block,NoCharger,570,0.0,Any
10009D,Public,Block,NoCharger,25,981.7764300000001,Any
10009D,Public,Block,NoCharger,210,237.35252000000003,Any
10009D,Residential,Block,NoCharger,44,0.0,Any
10001K,Public,Block,NoCharger,21,932.83514,Any
10001K,Residential,Block,NoCharger,5,0.0,Any
10001J,Public,Block,NoCharger,9,932.83514,Any
10001J,Public,Block,NoCharger,100,284.01965,Any
10001J,Residential,Block,NoCharger,2,0.0,Any
100095,Public,Block,NoCharger,48,1085.43726,Any
100095,Public,Block,NoCharger,219,262.41342000000003,Any
100095,Residential,Block,NoCharger,29,0.0,Any
10001S,Public,Block,NoCharger,29,716.27252,Any
10001S,Public,Block,NoCharger,700,218.08298,Any
10001S,Residential,Block,NoCharger,37,0.0,Any
10001U,Public,Block,NoCharger,46,716.27252,Any
10001U,Public,Block,NoCharger,83,0.0,Any
10001U,Residential,Block,NoCharger,40,0.0,Any
100092,Public,Block,NoCharger,35,1085.43726,Any
100092,Public,Block,NoCharger,285,262.41342000000003,Any
100092,Residential,Block,NoCharger,17,0.0,Any
100018,Public,Block,NoCharger,15,885.61682,Any
100018,Public,Block,NoCharger,96,269.6431,Any
100018,Residential,Block,NoCharger,3,0.0,Any
100353,Public,Block,NoCharger,15,102.0,Any
100353,Public,Block,NoCharger,155,75.0,Any
100353,Residential,Block,NoCharger,1073,0.0,Any
10001B,Public,Block,NoCharger,7,885.61682,Any
10001B,Public,Block,NoCharger,342,269.6431,Any
10001B,Residential,Block,NoCharger,4,0.0,Any
100015,Public,Block,NoCharger,22,885.61682,Any
100015,Public,Block,NoCharger,60,269.6431,Any
100015,Residential,Block,NoCharger,4,0.0,Any
10001I,Public,Block,NoCharger,17,932.83514,Any
10001I,Public,Block,NoCharger,410,284.01965,Any
10001I,Residential,Block,NoCharger,4,0.0,Any
201321,Public,Block,NoCharger,1000000,0.0,Any
201321,Residential,Block,NoCharger,465,0.0,Any
201321,Workplace,Block,NoCharger,1000000,0.0,Any
100096,Public,Block,NoCharger,131,1085.43726,Any
100096,Public,Block,NoCharger,11,262.41342000000003,Any
100096,Residential,Block,NoCharger,31,0.0,Any
100096,Workplace,Block,NoCharger,87,0.0,Any
407010,Public,Block,NoCharger,1000000,0.0,Any
407010,Residential,Block,NoCharger,1172,0.0,Any
407010,Workplace,Block,NoCharger,1000000,0.0,Any
10001F,Public,Block,NoCharger,33,885.61682,Any
10001F,Public,Block,NoCharger,180,269.6431,Any
10001F,Residential,Block,NoCharger,8,0.0,Any
100094,Public,Block,NoCharger,64,1085.43726,Any
100094,Public,Block,NoCharger,450,262.41342000000003,Any
100094,Residential,Block,NoCharger,28,0.0,Any
10001G,Public,Block,NoCharger,49,932.83514,Any
10001G,Public,Block,NoCharger,265,284.01965,Any
10001G,Residential,Block,NoCharger,5,0.0,Any
10036A,Public,Block,NoCharger,500,0.0,Any
10036A,Residential,Block,NoCharger,538,0.0,Any
10036A,Workplace,Block,NoCharger,20,0.0,Any
100364,Residential,Block,NoCharger,250,0.0,Any
10001H,Public,Block,NoCharger,21,932.83514,Any
10001H,Residential,Block,NoCharger,5,0.0,Any
100016,Public,Block,NoCharger,17,885.61682,Any
100016,Public,Block,NoCharger,201,269.6431,Any
100016,Residential,Block,NoCharger,4,0.0,Any
100192,Residential,Block,NoCharger,319,0.0,Any
201311,Public,Block,NoCharger,1000000,0.0,Any
201311,Residential,Block,NoCharger,593,0.0,Any
201311,Workplace,Block,NoCharger,1000000,0.0,Any
100013,Public,Block,NoCharger,19,932.83514,Any
100013,Residential,Block,NoCharger,2,0.0,Any
10017C,Public,Block,NoCharger,3,784.69391,Any
10017C,Residential,Block,NoCharger,15,0.0,Any
201291,Public,Block,NoCharger,1000000,0.0,Any
201291,Residential,Block,NoCharger,264,0.0,Any
201291,Workplace,Block,NoCharger,1000000,0.0,Any
100091,Public,Block,NoCharger,50,1085.43726,Any
100091,Residential,Block,NoCharger,28,0.0,Any
201284,Public,Block,NoCharger,1000000,0.0,Any
201284,Residential,Block,NoCharger,172,0.0,Any
201284,Workplace,Block,NoCharger,1000000,0.0,Any
10017D,Public,Block,NoCharger,9,784.69391,Any
10017D,Residential,Block,NoCharger,8,0.0,Any
100019,Public,Block,NoCharger,10,885.61682,Any
100019,Residential,Block,NoCharger,5,0.0,Any
100014,Public,Block,NoCharger,11,932.83514,Any
100014,Residential,Block,NoCharger,3,0.0,Any
100017,Public,Block,NoCharger,5,885.61682,Any
100017,Residential,Block,NoCharger,3,0.0,Any
10001A,Public,Block,NoCharger,19,885.61682,Any
10001A,Public,Block,NoCharger,220,269.6431,Any
10001A,Residential,Block,NoCharger,6,0.0,Any
10001A,Workplace,Block,NoCharger,50,0.0,Any
100352,Public,Block,NoCharger,45,102.0,Any
100352,Residential,Block,NoCharger,226,0.0,Any
100193,Public,Block,NoCharger,9,546.0,Any
100193,Public,Block,NoCharger,412,150.0,Any
100193,Residential,Block,NoCharger,664,0.0,Any
100223,Public,Block,NoCharger,157,143.75923,Any
100223,Public,Block,NoCharger,50,133.8934,Any
100223,Residential,Block,NoCharger,564,0.0,Any
100494,Public,Block,NoCharger,42,0.0,Any
100494,Residential,Block,NoCharger,289,0.0,Any
100561,Public,Block,NoCharger,1,111.0,Any
100561,Public,Block,NoCharger,118,0.0,Any
100561,Residential,Block,NoCharger,287,0.0,Any
100561,Workplace,Block,NoCharger,20,0.0,Any
100516,Public,Block,NoCharger,38,0.0,Any
100516,Public,Block,NoCharger,514,0.0,Any
100516,Public,Block,NoCharger,11,0.0,Any
100516,Residential,Block,NoCharger,247,0.0,Any
10002K,Public,Block,NoCharger,14,314.01431,Any
10002K,Residential,Block,NoCharger,12,0.0,Any
100575,Public,Block,NoCharger,102,191.25525,Any
100575,Public,Block,NoCharger,69,0.0,Any
100575,Residential,Block,NoCharger,344,0.0,Any
201335,Public,Block,NoCharger,1000000,0.0,Any
201335,Residential,Block,NoCharger,1530,0.0,Any
201335,Workplace,Block,NoCharger,1000000,0.0,Any
10002L,Public,Block,NoCharger,12,314.0,Any
10002L,Residential,Block,NoCharger,18,0.0,Any
10002L,Workplace,Block,NoCharger,12,0.0,Any
100513,Public,Block,NoCharger,94,0.0,Any
100513,Public,Block,NoCharger,24,0.0,Any
100513,Residential,Block,NoCharger,102,0.0,Any
100562,Public,Block,NoCharger,107,111.0,Any
100562,Public,Block,NoCharger,130,0.0,Any
100562,Public,Block,NoCharger,6,0.0,Any
100562,Residential,Block,NoCharger,424,0.0,Any
100562,Workplace,Block,NoCharger,54,0.0,Any
100202,Public,Block,NoCharger,148,166.41154,Any
100202,Public,Block,NoCharger,393,121.60843999999999,Any
100202,Public,Block,NoCharger,30,0.0,Any
100202,Residential,Block,NoCharger,762,0.0,Any
10002J,Public,Block,NoCharger,13,314.01431,Any
10002J,Residential,Block,NoCharger,12,0.0,Any
201332,Public,Block,NoCharger,1000000,0.0,Any
201332,Residential,Block,NoCharger,252,0.0,Any
201332,Workplace,Block,NoCharger,1000000,0.0,Any
10002G,Public,Block,NoCharger,22,314.01431,Any
10002G,Public,Block,NoCharger,985,191.0087,Any
10002G,Residential,Block,NoCharger,28,0.0,Any
100475,Residential,Block,NoCharger,295,0.0,Any
10002H,Public,Block,NoCharger,34,314.01431,Any
10002H,Residential,Block,NoCharger,15,0.0,Any
201283,Public,Block,NoCharger,1000000,0.0,Any
201283,Residential,Block,NoCharger,333,0.0,Any
201283,Workplace,Block,NoCharger,1000000,0.0,Any
100151,Public,Block,NoCharger,41,477.0,Any
100151,Residential,Block,NoCharger,326,0.0,Any
100151,Workplace,Block,NoCharger,68,0.0,Any
10002D,Public,Block,NoCharger,28,314.01431,Any
10002D,Residential,Block,NoCharger,14,0.0,Any
10009B,Public,Block,NoCharger,27,981.7764300000001,Any
10009B,Public,Block,NoCharger,200,237.35252000000003,Any
10009B,Residential,Block,NoCharger,19,0.0,Any
100574,Public,Block,NoCharger,19,191.25525,Any
100574,Public,Block,NoCharger,30,0.0,Any
100574,Residential,Block,NoCharger,619,0.0,Any
100196,Public,Block,NoCharger,126,546.0,Any
100196,Public,Block,NoCharger,330,150.0,Any
100196,Public,Block,NoCharger,21,0.0,Any
100196,Residential,Block,NoCharger,579,0.0,Any
100196,Workplace,Block,NoCharger,9,0.0,Any
100081,Public,Block,NoCharger,148,0.0,Any
100081,Public,Block,NoCharger,1042,0.0,Any
100491,Public,Block,NoCharger,139,0.0,Any
100491,Residential,Block,NoCharger,398,0.0,Any
100491,Workplace,Block,NoCharger,20,0.0,Any
10002E,Public,Block,NoCharger,24,314.01431,Any
10002E,Residential,Block,NoCharger,13,0.0,Any
100084,Public,Block,NoCharger,163,893.98761,Any
100084,Public,Block,NoCharger,1393,203.38792,Any
100084,Residential,Block,NoCharger,123,0.0,Any
100084,Workplace,Block,NoCharger,12,0.0,Any
100201,Public,Block,NoCharger,218,166.41154,Any
100201,Public,Block,NoCharger,328,121.60843999999999,Any
100201,Residential,Block,NoCharger,720,0.0,Any
10002F,Public,Block,NoCharger,27,314.01431,Any
10002F,Public,Block,NoCharger,300,0.0,Any
10002F,Residential,Block,NoCharger,27,0.0,Any
201314,Public,Block,NoCharger,1000000,0.0,Any
201314,Residential,Block,NoCharger,447,0.0,Any
201314,Workplace,Block,NoCharger,1000000,0.0,Any
100021,Public,Block,NoCharger,13,314.01431,Any
100021,Public,Block,NoCharger,430,191.0087,Any
100021,Public,Block,NoCharger,120,0.0,Any
100021,Residential,Block,NoCharger,23,0.0,Any
201371,Public,Block,NoCharger,1000000,0.0,Any
201371,Residential,Block,NoCharger,740,0.0,Any
201371,Workplace,Block,NoCharger,1000000,0.0,Any
100512,Public,Block,NoCharger,29,0.0,Any
100512,Residential,Block,NoCharger,261,0.0,Any
201373,Public,Block,NoCharger,1000000,0.0,Any
201373,Residential,Block,NoCharger,433,0.0,Any
201373,Workplace,Block,NoCharger,1000000,0.0,Any
100213,Public,Block,NoCharger,160,130.0,Any
100213,Public,Block,NoCharger,440,0.0,Any
100213,Residential,Block,NoCharger,442,0.0,Any
100029,Public,Block,NoCharger,22,314.0,Any
100029,Residential,Block,NoCharger,20,0.0,Any
201337,Public,Block,NoCharger,1000000,0.0,Any
201337,Residential,Block,NoCharger,277,0.0,Any
201337,Workplace,Block,NoCharger,1000000,0.0,Any
100571,Public,Block,NoCharger,164,123.0,Any
100571,Public,Block,NoCharger,117,0.0,Any
100571,Residential,Block,NoCharger,515,0.0,Any
100571,Workplace,Block,NoCharger,17,0.0,Any
100082,Public,Block,NoCharger,23,0.0,Any
100082,Public,Block,NoCharger,575,0.0,Any
201306,Public,Block,NoCharger,1000000,0.0,Any
201306,Residential,Block,NoCharger,329,0.0,Any
201306,Workplace,Block,NoCharger,1000000,0.0,Any
100022,Public,Block,NoCharger,22,314.01431,Any
100022,Public,Block,NoCharger,1865,191.0087,Any
100022,Residential,Block,NoCharger,21,0.0,Any
10009C,Public,Block,NoCharger,12,981.7764300000001,Any
10009C,Public,Block,NoCharger,110,237.35252000000003,Any
10009C,Residential,Block,NoCharger,28,0.0,Any
10002C,Public,Block,NoCharger,39,314.01431,Any
10002C,Public,Block,NoCharger,650,191.0087,Any
10002C,Residential,Block,NoCharger,27,0.0,Any
100103,Public,Block,NoCharger,275,532.0228900000001,Any
100103,Public,Block,NoCharger,982,164.00706,Any
100103,Public,Block,NoCharger,120,0.0,Any
100103,Residential,Block,NoCharger,1035,0.0,Any
100103,Workplace,Block,NoCharger,40,0.0,Any
10002B,Public,Block,NoCharger,26,314.0,Any
10002B,Public,Block,NoCharger,150,191.0,Any
10002B,Public,Block,NoCharger,40,0.0,Any
10002B,Residential,Block,NoCharger,13,0.0,Any
10002A,Public,Block,NoCharger,24,314.0,Any
10002A,Residential,Block,NoCharger,9,0.0,Any
201336,Public,Block,NoCharger,1000000,0.0,Any
201336,Residential,Block,NoCharger,28,0.0,Any
201336,Workplace,Block,NoCharger,1000000,0.0,Any
100573,Residential,Block,NoCharger,466,0.0,Any
100197,Public,Block,NoCharger,153,546.0,Any
100197,Public,Block,NoCharger,538,150.0,Any
100197,Residential,Block,NoCharger,610,0.0,Any
100514,Residential,Block,NoCharger,256,0.0,Any
100087,Public,Block,NoCharger,51,0.0,Any
100087,Public,Block,NoCharger,325,0.0,Any
201312,Public,Block,NoCharger,1000000,0.0,Any
201312,Residential,Block,NoCharger,198,0.0,Any
201312,Workplace,Block,NoCharger,1000000,0.0,Any
100099,Public,Block,NoCharger,33,981.7764300000001,Any
100099,Residential,Block,NoCharger,41,0.0,Any
100152,Public,Block,NoCharger,395,477.0,Any
100152,Public,Block,NoCharger,1621,109.0,Any
100152,Residential,Block,NoCharger,1791,0.0,Any
100152,Workplace,Block,NoCharger,29,0.0,Any
201315,Public,Block,NoCharger,1000000,0.0,Any
201315,Residential,Block,NoCharger,356,0.0,Any
201315,Workplace,Block,NoCharger,1000000,0.0,Any
100028,Public,Block,NoCharger,49,314.0,Any
100028,Residential,Block,NoCharger,16,0.0,Any
100027,Public,Block,NoCharger,43,314.0,Any
100027,Public,Block,NoCharger,86,191.0,Any
100027,Residential,Block,NoCharger,19,0.0,Any
100368,Residential,Block,NoCharger,392,0.0,Any
100198,Public,Block,NoCharger,36,933.15295,Any
100198,Public,Block,NoCharger,250,256.36072,Any
100198,Residential,Block,NoCharger,582,0.0,Any
100023,Public,Block,NoCharger,9,314.01431,Any
100023,Residential,Block,NoCharger,16,0.0,Any
100515,Residential,Block,NoCharger,134,0.0,Any
100024,Public,Block,NoCharger,14,314.01431,Any
100024,Residential,Block,NoCharger,7,0.0,Any
100436,Public,Block,NoCharger,31,0.0,Any
100436,Residential,Block,NoCharger,441,0.0,Any
100195,Residential,Block,NoCharger,359,0.0,Any
100025,Public,Block,NoCharger,12,314.0,Any
100025,Public,Block,NoCharger,215,191.0,Any
100025,Residential,Block,NoCharger,15,0.0,Any
100026,Public,Block,NoCharger,9,314.0,Any
100026,Residential,Block,NoCharger,5,0.0,Any
100044,Public,Block,NoCharger,145,529.59387,Any
100044,Public,Block,NoCharger,90,138.6747,Any
100044,Residential,Block,NoCharger,738,0.0,Any
100112,Public,Block,NoCharger,22,355.0,Any
100112,Residential,Block,NoCharger,316,0.0,Any
100591,Public,Block,NoCharger,200,0.0,Any
100591,Residential,Block,NoCharger,817,0.0,Any
100591,Workplace,Block,NoCharger,49,0.0,Any
100593,Public,Block,NoCharger,171,205.7924,Any
100593,Public,Block,NoCharger,41,0.0,Any
100593,Residential,Block,NoCharger,471,0.0,Any
100041,Public,Block,NoCharger,25,529.59387,Any
100041,Residential,Block,NoCharger,324,0.0,Any
201301,Public,Block,NoCharger,1000000,0.0,Any
201301,Residential,Block,NoCharger,1535,0.0,Any
201301,Workplace,Block,NoCharger,1000000,0.0,Any
100043,Public,Block,NoCharger,127,529.59387,Any
100043,Public,Block,NoCharger,559,138.6747,Any
100043,Residential,Block,NoCharger,399,0.0,Any
100055,Public,Block,NoCharger,236,299.21539,Any
100055,Public,Block,NoCharger,84,181.05391,Any
100055,Public,Block,NoCharger,94,0.0,Any
100055,Residential,Block,NoCharger,421,0.0,Any
100055,Workplace,Block,NoCharger,21,0.0,Any
100073,Public,Block,NoCharger,86,259.0,Any
100073,Public,Block,NoCharger,2585,116.0,Any
100073,Residential,Block,NoCharger,334,0.0,Any
100073,Workplace,Block,NoCharger,115,0.0,Any
100452,Public,Block,NoCharger,16,0.0,Any
100452,Residential,Block,NoCharger,325,0.0,Any
100592,Public,Block,NoCharger,114,130.32253,Any
100592,Public,Block,NoCharger,312,79.46495999999999,Any
100592,Public,Block,NoCharger,283,0.0,Any
100592,Residential,Block,NoCharger,417,0.0,Any
100473,Public,Block,NoCharger,102,0.0,Any
100473,Residential,Block,NoCharger,281,0.0,Any
100051,Public,Block,NoCharger,326,299.21539,Any
100051,Public,Block,NoCharger,55,181.05391,Any
100051,Public,Block,NoCharger,29,0.0,Any
100051,Residential,Block,NoCharger,628,0.0,Any
100051,Workplace,Block,NoCharger,70,0.0,Any
100431,Public,Block,NoCharger,36,0.0,Any
100431,Public,Block,NoCharger,5,0.0,Any
100431,Residential,Block,NoCharger,312,0.0,Any
201305,Public,Block,NoCharger,1000000,0.0,Any
201305,Residential,Block,NoCharger,248,0.0,Any
201305,Workplace,Block,NoCharger,1000000,0.0,Any
100033,Public,Block,NoCharger,94,933.2415800000001,Any
100033,Residential,Block,NoCharger,351,0.0,Any
201309,Public,Block,NoCharger,1000000,0.0,Any
201309,Residential,Block,NoCharger,503,0.0,Any
201309,Workplace,Block,NoCharger,1000000,0.0,Any
100525,Public,Block,NoCharger,47,0.0,Any
100525,Public,Block,NoCharger,21,0.0,Any
100525,Residential,Block,NoCharger,505,0.0,Any
100455,Public,Block,NoCharger,32,0.0,Any
100455,Residential,Block,NoCharger,485,0.0,Any
100085,Public,Block,NoCharger,18,893.98761,Any
100085,Residential,Block,NoCharger,128,0.0,Any
100451,Residential,Block,NoCharger,343,0.0,Any
201383,Public,Block,NoCharger,1000000,0.0,Any
201383,Residential,Block,NoCharger,618,0.0,Any
201383,Workplace,Block,NoCharger,1000000,0.0,Any
100523,Public,Block,NoCharger,62,0.0,Any
100523,Public,Block,NoCharger,122,0.0,Any
100523,Residential,Block,NoCharger,543,0.0,Any
100523,Workplace,Block,NoCharger,200,0.0,Any
100564,Public,Block,NoCharger,136,117.0,Any
100564,Public,Block,NoCharger,1188,34.0,Any
100564,Public,Block,NoCharger,50,0.0,Any
100564,Residential,Block,NoCharger,355,0.0,Any
100564,Workplace,Block,NoCharger,163,0.0,Any
10002R,Public,Block,NoCharger,16,314.01431,Any
10002R,Residential,Block,NoCharger,19,0.0,Any
201352,Public,Block,NoCharger,1000000,0.0,Any
201352,Residential,Block,NoCharger,84,0.0,Any
201352,Workplace,Block,NoCharger,1000000,0.0,Any
100492,Public,Block,NoCharger,39,0.0,Any
100492,Residential,Block,NoCharger,206,0.0,Any
100204,Public,Block,NoCharger,137,159.06387,Any
100204,Public,Block,NoCharger,480,116.23898,Any
100204,Public,Block,NoCharger,30,0.0,Any
100204,Residential,Block,NoCharger,560,0.0,Any
100204,Workplace,Block,NoCharger,9,0.0,Any
100522,Public,Block,NoCharger,7,0.0,Any
100522,Residential,Block,NoCharger,203,0.0,Any
100071,Public,Block,NoCharger,44,259.0,Any
100071,Public,Block,NoCharger,142,116.0,Any
100071,Residential,Block,NoCharger,287,0.0,Any
201351,Public,Block,NoCharger,1000000,0.0,Any
201351,Residential,Block,NoCharger,128,0.0,Any
201351,Workplace,Block,NoCharger,1000000,0.0,Any
201302,Public,Block,NoCharger,1000000,0.0,Any
201302,Residential,Block,NoCharger,226,0.0,Any
201302,Workplace,Block,NoCharger,1000000,0.0,Any
100205,Public,Block,NoCharger,158,159.06387,Any
100205,Public,Block,NoCharger,20,116.23898,Any
100205,Residential,Block,NoCharger,556,0.0,Any
201362,Public,Block,NoCharger,1000000,0.0,Any
201362,Residential,Block,NoCharger,260,0.0,Any
201362,Workplace,Block,NoCharger,1000000,0.0,Any
10002Q,Public,Block,NoCharger,36,314.01431,Any
10002Q,Residential,Block,NoCharger,22,0.0,Any
100576,Public,Block,NoCharger,132,117.0,Any
100576,Public,Block,NoCharger,798,34.0,Any
100576,Residential,Block,NoCharger,474,0.0,Any
100576,Workplace,Block,NoCharger,38,0.0,Any
100034,Public,Block,NoCharger,44,933.2415800000001,Any
100034,Public,Block,NoCharger,1236,318.85754,Any
100034,Residential,Block,NoCharger,264,0.0,Any
100086,Public,Block,NoCharger,9,893.98761,Any
100086,Public,Block,NoCharger,350,203.38792,Any
100086,Public,Block,NoCharger,635,0.0,Any
100086,Residential,Block,NoCharger,124,0.0,Any
201372,Public,Block,NoCharger,1000000,0.0,Any
201372,Residential,Block,NoCharger,567,0.0,Any
201372,Workplace,Block,NoCharger,1000000,0.0,Any
100032,Public,Block,NoCharger,83,933.2415800000001,Any
100032,Public,Block,NoCharger,70,318.85754,Any
100032,Residential,Block,NoCharger,335,0.0,Any
201307,Public,Block,NoCharger,1000000,0.0,Any
201307,Residential,Block,NoCharger,205,0.0,Any
201307,Workplace,Block,NoCharger,1000000,0.0,Any
100563,Public,Block,NoCharger,252,117.0,Any
100563,Public,Block,NoCharger,481,34.0,Any
100563,Public,Block,NoCharger,20,0.0,Any
100563,Residential,Block,NoCharger,467,0.0,Any
100563,Workplace,Block,NoCharger,63,0.0,Any
100474,Residential,Block,NoCharger,294,0.0,Any
100471,Public,Block,NoCharger,109,0.0,Any
100471,Public,Block,NoCharger,107,0.0,Any
100471,Residential,Block,NoCharger,314,0.0,Any
10002P,Public,Block,NoCharger,26,314.01431,Any
10002P,Public,Block,NoCharger,925,191.0087,Any
10002P,Residential,Block,NoCharger,28,0.0,Any
100524,Public,Block,NoCharger,88,0.0,Any
100524,Public,Block,NoCharger,221,0.0,Any
100524,Residential,Block,NoCharger,248,0.0,Any
100102,Public,Block,NoCharger,354,532.0228900000001,Any
100102,Public,Block,NoCharger,2480,164.00706,Any
100102,Public,Block,NoCharger,26,0.0,Any
100102,Residential,Block,NoCharger,711,0.0,Any
201381,Public,Block,NoCharger,1000000,0.0,Any
201381,Residential,Block,NoCharger,466,0.0,Any
201381,Workplace,Block,NoCharger,1000000,0.0,Any
100517,Public,Block,NoCharger,75,0.0,Any
100517,Public,Block,NoCharger,145,0.0,Any
100517,Residential,Block,NoCharger,116,0.0,Any
10002N,Public,Block,NoCharger,41,314.01431,Any
10002N,Residential,Block,NoCharger,25,0.0,Any
10002M,Public,Block,NoCharger,14,314.01431,Any
10002M,Residential,Block,NoCharger,21,0.0,Any
100083,Public,Block,NoCharger,159,893.98761,Any
100083,Public,Block,NoCharger,410,203.38792,Any
100083,Public,Block,NoCharger,400,0.0,Any
100083,Residential,Block,NoCharger,117,0.0,Any
100083,Workplace,Block,NoCharger,18,0.0,Any
100419,Public,Block,NoCharger,1755,0.0,Any
100419,Residential,Block,NoCharger,41,0.0,Any
10002I,Public,Block,NoCharger,20,314.01431,Any
10002I,Residential,Block,NoCharger,11,0.0,Any
100031,Public,Block,NoCharger,225,933.2415800000001,Any
100031,Public,Block,NoCharger,934,318.85754,Any
100031,Residential,Block,NoCharger,1136,0.0,Any
201308,Public,Block,NoCharger,1000000,0.0,Any
201308,Residential,Block,NoCharger,504,0.0,Any
201308,Workplace,Block,NoCharger,1000000,0.0,Any
100435,Residential,Block,NoCharger,306,0.0,Any
100203,Public,Block,NoCharger,313,159.06387,Any
100203,Public,Block,NoCharger,100,116.23898,Any
100203,Public,Block,NoCharger,84,0.0,Any
100203,Residential,Block,NoCharger,1161,0.0,Any
100203,Workplace,Block,NoCharger,8,0.0,Any
10002O,Public,Block,NoCharger,8,314.01431,Any
10002O,Residential,Block,NoCharger,26,0.0,Any
100572,Public,Block,NoCharger,247,123.0,Any
100572,Public,Block,NoCharger,498,68.0,Any
100572,Public,Block,NoCharger,506,0.0,Any
100572,Residential,Block,NoCharger,494,0.0,Any
100572,Workplace,Block,NoCharger,70,0.0,Any
100434,Residential,Block,NoCharger,201,0.0,Any
201313,Public,Block,NoCharger,1000000,0.0,Any
201313,Residential,Block,NoCharger,144,0.0,Any
201313,Workplace,Block,NoCharger,1000000,0.0,Any
100521,Public,Block,NoCharger,42,0.0,Any
100521,Public,Block,NoCharger,230,0.0,Any
100521,Public,Block,NoCharger,11,0.0,Any
100521,Residential,Block,NoCharger,280,0.0,Any
100521,Workplace,Block,NoCharger,128,0.0,Any
100416,Residential,Block,NoCharger,460,0.0,Any
100075,Public,Block,NoCharger,85,259.0,Any
100075,Public,Block,NoCharger,60,116.0,Any
100075,Public,Block,NoCharger,110,0.0,Any
100075,Residential,Block,NoCharger,243,0.0,Any
100481,Public,Block,NoCharger,43,0.0,Any
100481,Public,Block,NoCharger,24,0.0,Any
100481,Residential,Block,NoCharger,378,0.0,Any
100481,Workplace,Block,NoCharger,40,0.0,Any
100545,Residential,Block,NoCharger,390,0.0,Any
100545,Workplace,Block,NoCharger,95,0.0,Any
100503,Public,Block,NoCharger,74,0.0,Any
100503,Public,Block,NoCharger,328,0.0,Any
100503,Public,Block,NoCharger,24,0.0,Any
100503,Residential,Block,NoCharger,435,0.0,Any
100503,Workplace,Block,NoCharger,106,0.0,Any
100582,Residential,Block,NoCharger,212,0.0,Any
100582,Workplace,Block,NoCharger,26,0.0,Any
100415,Residential,Block,NoCharger,424,0.0,Any
100115,Public,Block,NoCharger,41,355.0,Any
100115,Public,Block,NoCharger,79,123.0,Any
100115,Residential,Block,NoCharger,312,0.0,Any
100115,Workplace,Block,NoCharger,50,0.0,Any
100441,Public,Block,NoCharger,54,0.0,Any
100441,Residential,Block,NoCharger,413,0.0,Any
100461,Public,Block,NoCharger,99,0.0,Any
100461,Public,Block,NoCharger,34,0.0,Any
100461,Residential,Block,NoCharger,396,0.0,Any
100061,Public,Block,NoCharger,38,277.92566,Any
100061,Public,Block,NoCharger,246,90.6058,Any
100061,Residential,Block,NoCharger,515,0.0,Any
201361,Public,Block,NoCharger,1000000,0.0,Any
201361,Residential,Block,NoCharger,392,0.0,Any
201361,Workplace,Block,NoCharger,1000000,0.0,Any
100485,Public,Block,NoCharger,47,0.0,Any
100485,Public,Block,NoCharger,39,0.0,Any
100485,Residential,Block,NoCharger,470,0.0,Any
100597,Public,Block,NoCharger,39,384.05374,Any
100597,Public,Block,NoCharger,71,0.0,Any
100597,Residential,Block,NoCharger,267,0.0,Any
100052,Public,Block,NoCharger,274,299.21539,Any
100052,Public,Block,NoCharger,400,181.05391,Any
100052,Public,Block,NoCharger,12,0.0,Any
100052,Residential,Block,NoCharger,713,0.0,Any
100585,Residential,Block,NoCharger,264,0.0,Any
100596,Residential,Block,NoCharger,255,0.0,Any
100113,Public,Block,NoCharger,74,355.0,Any
100113,Public,Block,NoCharger,4,0.0,Any
100113,Residential,Block,NoCharger,313,0.0,Any
100432,Public,Block,NoCharger,81,0.0,Any
100432,Residential,Block,NoCharger,362,0.0,Any
201436,Public,Block,NoCharger,1000000,0.0,Any
201436,Residential,Block,NoCharger,519,0.0,Any
201436,Workplace,Block,NoCharger,1000000,0.0,Any
100533,Public,Block,NoCharger,17,0.0,Any
100533,Public,Block,NoCharger,88,0.0,Any
100533,Residential,Block,NoCharger,382,0.0,Any
100501,Public,Block,NoCharger,26,0.0,Any
100501,Public,Block,NoCharger,40,0.0,Any
100501,Residential,Block,NoCharger,564,0.0,Any
100116,Public,Block,NoCharger,77,355.0,Any
100116,Public,Block,NoCharger,250,123.0,Any
100116,Residential,Block,NoCharger,301,0.0,Any
100116,Workplace,Block,NoCharger,60,0.0,Any
100411,Residential,Block,NoCharger,360,0.0,Any
100531,Public,Block,NoCharger,18,0.0,Any
100531,Public,Block,NoCharger,49,0.0,Any
100531,Residential,Block,NoCharger,217,0.0,Any
100426,Residential,Block,NoCharger,297,0.0,Any
100543,Public,Block,NoCharger,550,0.0,Any
100543,Residential,Block,NoCharger,282,0.0,Any
100543,Workplace,Block,NoCharger,9,0.0,Any
100472,Public,Block,NoCharger,187,0.0,Any
100472,Public,Block,NoCharger,23,0.0,Any
100472,Public,Block,NoCharger,30,0.0,Any
100472,Residential,Block,NoCharger,315,0.0,Any
100472,Workplace,Block,NoCharger,74,0.0,Any
100599,Public,Block,NoCharger,295,205.7924,Any
100599,Public,Block,NoCharger,695,125.48317,Any
100599,Public,Block,NoCharger,43,0.0,Any
100599,Residential,Block,NoCharger,548,0.0,Any
100599,Workplace,Block,NoCharger,120,0.0,Any
100792,Public,Block,NoCharger,84,136.02635,Any
100792,Public,Block,NoCharger,681,68.01318,Any
100792,Public,Block,NoCharger,13,0.0,Any
100792,Residential,Block,NoCharger,1080,0.0,Any
100792,Workplace,Block,NoCharger,236,0.0,Any
100541,Public,Block,NoCharger,28,0.0,Any
100541,Public,Block,NoCharger,13,0.0,Any
100541,Residential,Block,NoCharger,199,0.0,Any
100076,Public,Block,NoCharger,54,259.0,Any
100076,Public,Block,NoCharger,78,116.0,Any
100076,Residential,Block,NoCharger,243,0.0,Any
100076,Workplace,Block,NoCharger,100,0.0,Any
100074,Public,Block,NoCharger,57,259.0,Any
100074,Public,Block,NoCharger,50,116.0,Any
100074,Residential,Block,NoCharger,160,0.0,Any
100074,Workplace,Block,NoCharger,143,0.0,Any
100594,Public,Block,NoCharger,68,384.05374,Any
100594,Residential,Block,NoCharger,499,0.0,Any
100054,Public,Block,NoCharger,303,299.21539,Any
100054,Public,Block,NoCharger,843,181.05391,Any
100054,Public,Block,NoCharger,20,0.0,Any
100054,Residential,Block,NoCharger,826,0.0,Any
100141,Public,Block,NoCharger,700,273.0,Any
100141,Public,Block,NoCharger,1220,95.0,Any
100141,Public,Block,NoCharger,63,0.0,Any
100141,Residential,Block,NoCharger,579,0.0,Any
100141,Workplace,Block,NoCharger,487,0.0,Any
100544,Public,Block,NoCharger,46,0.0,Any
100544,Public,Block,NoCharger,61,0.0,Any
100544,Residential,Block,NoCharger,177,0.0,Any
100544,Workplace,Block,NoCharger,50,0.0,Any
100453,Public,Block,NoCharger,85,0.0,Any
100453,Public,Block,NoCharger,220,0.0,Any
100453,Public,Block,NoCharger,11,0.0,Any
100453,Residential,Block,NoCharger,364,0.0,Any
100111,Public,Block,NoCharger,137,355.0,Any
100111,Public,Block,NoCharger,270,123.0,Any
100111,Public,Block,NoCharger,189,0.0,Any
100111,Residential,Block,NoCharger,323,0.0,Any
100111,Workplace,Block,NoCharger,124,0.0,Any
100072,Public,Block,NoCharger,64,259.0,Any
100072,Public,Block,NoCharger,140,116.0,Any
100072,Residential,Block,NoCharger,209,0.0,Any
100072,Workplace,Block,NoCharger,15,0.0,Any
100454,Public,Block,NoCharger,156,0.0,Any
100454,Public,Block,NoCharger,46,0.0,Any
100454,Public,Block,NoCharger,15,0.0,Any
100454,Residential,Block,NoCharger,458,0.0,Any
100581,Public,Block,NoCharger,59,0.0,Any
100581,Residential,Block,NoCharger,315,0.0,Any
100581,Workplace,Block,NoCharger,106,0.0,Any
100153,Public,Block,NoCharger,395,477.0,Any
100153,Public,Block,NoCharger,414,109.0,Any
100153,Public,Block,NoCharger,7,0.0,Any
100153,Residential,Block,NoCharger,594,0.0,Any
100153,Workplace,Block,NoCharger,54,0.0,Any
100418,Public,Block,NoCharger,494,0.0,Any
100418,Residential,Block,NoCharger,1092,0.0,Any
100493,Public,Block,NoCharger,171,0.0,Any
100493,Public,Block,NoCharger,10,0.0,Any
100493,Residential,Block,NoCharger,285,0.0,Any
100493,Workplace,Block,NoCharger,82,0.0,Any
100114,Public,Block,NoCharger,64,355.0,Any
100114,Public,Block,NoCharger,85,123.0,Any
100114,Residential,Block,NoCharger,312,0.0,Any
100114,Workplace,Block,NoCharger,160,0.0,Any
201363,Public,Block,NoCharger,1000000,0.0,Any
201363,Residential,Block,NoCharger,201,0.0,Any
201363,Workplace,Block,NoCharger,1000000,0.0,Any
100801,Public,Block,NoCharger,674,0.0,Any
100801,Public,Block,NoCharger,6606,0.0,Any
100801,Residential,Block,NoCharger,2410,0.0,Any
100801,Workplace,Block,NoCharger,341,0.0,Any
201303,Public,Block,NoCharger,1000000,0.0,Any
201303,Residential,Block,NoCharger,370,0.0,Any
201303,Workplace,Block,NoCharger,1000000,0.0,Any
201393,Public,Block,NoCharger,1000000,0.0,Any
201393,Residential,Block,NoCharger,750,0.0,Any
201393,Workplace,Block,NoCharger,1000000,0.0,Any
100042,Public,Block,NoCharger,172,529.59387,Any
100042,Public,Block,NoCharger,430,138.6747,Any
100042,Residential,Block,NoCharger,980,0.0,Any
100042,Workplace,Block,NoCharger,25,0.0,Any
100433,Public,Block,NoCharger,26,0.0,Any
100433,Residential,Block,NoCharger,699,0.0,Any
100586,Public,Block,NoCharger,42,0.0,Any
100586,Public,Block,NoCharger,410,0.0,Any
100586,Public,Block,NoCharger,23,0.0,Any
100586,Residential,Block,NoCharger,287,0.0,Any
100586,Workplace,Block,NoCharger,663,0.0,Any
201471,Public,Block,NoCharger,1000000,0.0,Any
201471,Residential,Block,NoCharger,1408,0.0,Any
201471,Workplace,Block,NoCharger,1000000,0.0,Any
100393,Public,Block,NoCharger,81,0.0,Any
100393,Public,Block,NoCharger,1000000,0.0,Any
100393,Workplace,Block,NoCharger,1000000,0.0,Any
407071,Public,Block,NoCharger,1000000,0.0,Any
407071,Residential,Block,NoCharger,298,0.0,Any
407071,Workplace,Block,NoCharger,1000000,0.0,Any
100392,Public,Block,NoCharger,164,0.0,Any
100392,Public,Block,NoCharger,593,0.0,Any
100392,Residential,Block,NoCharger,214,0.0,Any
100392,Workplace,Block,NoCharger,131,0.0,Any
407081,Public,Block,NoCharger,1000000,0.0,Any
407081,Residential,Block,NoCharger,430,0.0,Any
407081,Workplace,Block,NoCharger,1000000,0.0,Any
201382,Public,Block,NoCharger,1000000,0.0,Any
201382,Residential,Block,NoCharger,758,0.0,Any
201382,Workplace,Block,NoCharger,1000000,0.0,Any
100321,Public,Block,NoCharger,437,0.0,Any
100321,Public,Block,NoCharger,100,0.0,Any
100321,Residential,Block,NoCharger,745,0.0,Any
100321,Workplace,Block,NoCharger,101,0.0,Any
407051,Public,Block,NoCharger,1000000,0.0,Any
407051,Residential,Block,NoCharger,317,0.0,Any
407051,Workplace,Block,NoCharger,1000000,0.0,Any
100967,Public,Block,NoCharger,62,0.0,Any
100967,Public,Block,NoCharger,145,0.0,Any
100967,Residential,Block,NoCharger,265,0.0,Any
100967,Workplace,Block,NoCharger,19,0.0,Any
101233,Residential,Block,NoCharger,176,0.0,Any
101234,Public,Block,NoCharger,600,0.0,Any
101234,Residential,Block,NoCharger,435,0.0,Any
100324,Public,Block,NoCharger,769,0.0,Any
100324,Residential,Block,NoCharger,1303,0.0,Any
101081,Residential,Block,NoCharger,275,0.0,Any
100301,Public,Block,NoCharger,229,0.0,Any
100301,Public,Block,NoCharger,494,0.0,Any
100301,Public,Block,NoCharger,1000000,0.0,Any
100301,Workplace,Block,NoCharger,1000000,0.0,Any
407072,Public,Block,NoCharger,1000000,0.0,Any
407072,Residential,Block,NoCharger,354,0.0,Any
407072,Workplace,Block,NoCharger,1000000,0.0,Any
101232,Residential,Block,NoCharger,294,0.0,Any
100281,Public,Block,NoCharger,126,789.3728,Any
100281,Public,Block,NoCharger,2995,157.58542,Any
100281,Residential,Block,NoCharger,1089,0.0,Any
100281,Workplace,Block,NoCharger,266,0.0,Any
101071,Residential,Block,NoCharger,334,0.0,Any
101042,Residential,Block,NoCharger,367,0.0,Any
101262,Public,Block,NoCharger,26,0.0,Any
101262,Public,Block,NoCharger,47,0.0,Any
101262,Residential,Block,NoCharger,362,0.0,Any
101235,Residential,Block,NoCharger,319,0.0,Any
407074,Public,Block,NoCharger,1000000,0.0,Any
407074,Residential,Block,NoCharger,305,0.0,Any
407074,Workplace,Block,NoCharger,1000000,0.0,Any
407064,Public,Block,NoCharger,1000000,0.0,Any
407064,Residential,Block,NoCharger,64,0.0,Any
407064,Workplace,Block,NoCharger,1000000,0.0,Any
100904,Public,Block,NoCharger,25,0.0,Any
100904,Residential,Block,NoCharger,842,0.0,Any
100916,Public,Block,NoCharger,147,0.0,Any
100916,Public,Block,NoCharger,10,0.0,Any
100916,Public,Block,NoCharger,81,0.0,Any
100916,Residential,Block,NoCharger,600,0.0,Any
100916,Workplace,Block,NoCharger,59,0.0,Any
100897,Public,Block,NoCharger,11,0.0,Any
100897,Residential,Block,NoCharger,233,0.0,Any
100897,Workplace,Block,NoCharger,53,0.0,Any
100908,Public,Block,NoCharger,3,0.0,Any
100908,Residential,Block,NoCharger,452,0.0,Any
101194,Residential,Block,NoCharger,263,0.0,Any
101261,Residential,Block,NoCharger,331,0.0,Any
101231,Public,Block,NoCharger,5,0.0,Any
101231,Residential,Block,NoCharger,305,0.0,Any
101266,Public,Block,NoCharger,93,0.0,Any
101266,Public,Block,NoCharger,40,0.0,Any
101266,Residential,Block,NoCharger,327,0.0,Any
101266,Workplace,Block,NoCharger,36,0.0,Any
101265,Public,Block,NoCharger,25,0.0,Any
101265,Residential,Block,NoCharger,336,0.0,Any
101041,Residential,Block,NoCharger,271,0.0,Any
100971,Residential,Block,NoCharger,431,0.0,Any
101241,Public,Block,NoCharger,483,0.0,Any
101241,Public,Block,NoCharger,1703,0.0,Any
101241,Residential,Block,NoCharger,563,0.0,Any
101241,Workplace,Block,NoCharger,210,0.0,Any
100907,Public,Block,NoCharger,21,0.0,Any
100907,Residential,Block,NoCharger,266,0.0,Any
100915,Residential,Block,NoCharger,539,0.0,Any
100915,Workplace,Block,NoCharger,200,0.0,Any
101183,Public,Block,NoCharger,70,0.0,Any
101183,Residential,Block,NoCharger,336,0.0,Any
101092,Residential,Block,NoCharger,487,0.0,Any
407082,Public,Block,NoCharger,1000000,0.0,Any
407082,Residential,Block,NoCharger,130,0.0,Any
407082,Workplace,Block,NoCharger,1000000,0.0,Any
100896,Residential,Block,NoCharger,249,0.0,Any
100932,Public,Block,NoCharger,9,0.0,Any
100932,Residential,Block,NoCharger,1081,0.0,Any
407073,Public,Block,NoCharger,1000000,0.0,Any
407073,Residential,Block,NoCharger,124,0.0,Any
407073,Workplace,Block,NoCharger,1000000,0.0,Any
100933,Public,Block,NoCharger,5,0.0,Any
100933,Residential,Block,NoCharger,507,0.0,Any
100335,Public,Block,NoCharger,5,102.0,Any
100335,Public,Block,NoCharger,176,75.0,Any
100335,Public,Block,NoCharger,16,0.0,Any
100335,Residential,Block,NoCharger,435,0.0,Any
100898,Public,Block,NoCharger,54,0.0,Any
100898,Public,Block,NoCharger,26,0.0,Any
100898,Residential,Block,NoCharger,176,0.0,Any
100898,Workplace,Block,NoCharger,12,0.0,Any
100334,Public,Block,NoCharger,61,0.0,Any
100334,Residential,Block,NoCharger,323,0.0,Any
407053,Public,Block,NoCharger,1000000,0.0,Any
407053,Residential,Block,NoCharger,20,0.0,Any
407053,Workplace,Block,NoCharger,1000000,0.0,Any
100892,Residential,Block,NoCharger,146,0.0,Any
100892,Workplace,Block,NoCharger,48,0.0,Any
100292,Public,Block,NoCharger,40,450.0,Any
100292,Residential,Block,NoCharger,372,0.0,Any
100274,Public,Block,NoCharger,30,0.0,Any
100274,Residential,Block,NoCharger,398,0.0,Any
100905,Public,Block,NoCharger,44,0.0,Any
100905,Residential,Block,NoCharger,392,0.0,Any
100332,Public,Block,NoCharger,286,0.0,Any
100332,Residential,Block,NoCharger,348,0.0,Any
101103,Public,Block,NoCharger,15,0.0,Any
101103,Residential,Block,NoCharger,362,0.0,Any
100303,Residential,Block,NoCharger,423,0.0,Any
101224,Residential,Block,NoCharger,212,0.0,Any
100391,Public,Block,NoCharger,301,0.0,Any
100391,Public,Block,NoCharger,1546,0.0,Any
100391,Residential,Block,NoCharger,214,0.0,Any
101093,Residential,Block,NoCharger,787,0.0,Any
100383,Residential,Block,NoCharger,186,0.0,Any
100272,Public,Block,NoCharger,50,0.0,Any
100272,Residential,Block,NoCharger,370,0.0,Any
101225,Residential,Block,NoCharger,218,0.0,Any
100322,Public,Block,NoCharger,38,0.0,Any
100322,Residential,Block,NoCharger,271,0.0,Any
100903,Public,Block,NoCharger,27,0.0,Any
100903,Residential,Block,NoCharger,239,0.0,Any
101223,Public,Block,NoCharger,15,0.0,Any
101223,Residential,Block,NoCharger,1047,0.0,Any
100382,Residential,Block,NoCharger,135,0.0,Any
100382,Workplace,Block,NoCharger,20,0.0,Any
100273,Public,Block,NoCharger,4,688.0517,Any
100273,Public,Block,NoCharger,60,166.66141000000002,Any
100273,Residential,Block,NoCharger,208,0.0,Any
101267,Residential,Block,NoCharger,300,0.0,Any
100394,Public,Block,NoCharger,534,0.0,Any
100394,Public,Block,NoCharger,489,0.0,Any
100394,Residential,Block,NoCharger,28,0.0,Any
100323,Public,Block,NoCharger,27,0.0,Any
100323,Residential,Block,NoCharger,153,0.0,Any
100271,Public,Block,NoCharger,13,688.0517,Any
100271,Public,Block,NoCharger,50,166.66141000000002,Any
100271,Residential,Block,NoCharger,227,0.0,Any
101045,Residential,Block,NoCharger,321,0.0,Any
101263,Public,Block,NoCharger,4,0.0,Any
101263,Residential,Block,NoCharger,356,0.0,Any
101044,Public,Block,NoCharger,99,0.0,Any
101044,Public,Block,NoCharger,28,0.0,Any
101044,Public,Block,NoCharger,36,0.0,Any
101044,Residential,Block,NoCharger,230,0.0,Any
10091E,Public,Block,NoCharger,44,0.0,Any
10091E,Residential,Block,NoCharger,362,0.0,Any
100331,Residential,Block,NoCharger,358,0.0,Any
10091B,Residential,Block,NoCharger,164,0.0,Any
101006,Public,Block,NoCharger,22,0.0,Any
101006,Residential,Block,NoCharger,644,0.0,Any
100283,Public,Block,NoCharger,82,789.3728,Any
100283,Public,Block,NoCharger,100,0.0,Any
100283,Residential,Block,NoCharger,161,0.0,Any
101065,Public,Block,NoCharger,102,0.0,Any
101065,Residential,Block,NoCharger,250,0.0,Any
100282,Public,Block,NoCharger,30,789.3728,Any
100282,Public,Block,NoCharger,400,157.58542,Any
100282,Residential,Block,NoCharger,93,0.0,Any
10099A,Public,Block,NoCharger,154,0.0,Any
10099A,Residential,Block,NoCharger,251,0.0,Any
100981,Public,Block,NoCharger,150,0.0,Any
100981,Public,Block,NoCharger,30,0.0,Any
100981,Residential,Block,NoCharger,325,0.0,Any
100291,Public,Block,NoCharger,37,450.0,Any
100291,Public,Block,NoCharger,29,109.0,Any
100291,Public,Block,NoCharger,32,0.0,Any
100291,Residential,Block,NoCharger,238,0.0,Any
100291,Workplace,Block,NoCharger,21,0.0,Any
101066,Public,Block,NoCharger,11,0.0,Any
101066,Public,Block,NoCharger,15,0.0,Any
101066,Residential,Block,NoCharger,289,0.0,Any
100304,Public,Block,NoCharger,2,593.4975,Any
100304,Residential,Block,NoCharger,261,0.0,Any
100304,Workplace,Block,NoCharger,60,0.0,Any
10091D,Residential,Block,NoCharger,725,0.0,Any
10091D,Workplace,Block,NoCharger,134,0.0,Any
101001,Residential,Block,NoCharger,583,0.0,Any
101001,Workplace,Block,NoCharger,16,0.0,Any
100913,Residential,Block,NoCharger,347,0.0,Any
100302,Residential,Block,NoCharger,268,0.0,Any
101008,Public,Block,NoCharger,6,0.0,Any
101008,Public,Block,NoCharger,165,0.0,Any
101008,Residential,Block,NoCharger,463,0.0,Any
100325,Public,Block,NoCharger,175,0.0,Any
100325,Residential,Block,NoCharger,204,0.0,Any
100961,Residential,Block,NoCharger,264,0.0,Any
100963,Residential,Block,NoCharger,321,0.0,Any
101007,Public,Block,NoCharger,7,0.0,Any
101007,Residential,Block,NoCharger,712,0.0,Any
100983,Public,Block,NoCharger,93,0.0,Any
100983,Residential,Block,NoCharger,285,0.0,Any
100983,Workplace,Block,NoCharger,28,0.0,Any
100381,Public,Block,NoCharger,263,0.0,Any
100381,Residential,Block,NoCharger,840,0.0,Any
100381,Workplace,Block,NoCharger,150,0.0,Any
100284,Public,Block,NoCharger,365,789.3728,Any
100284,Public,Block,NoCharger,1948,157.58542,Any
100284,Public,Block,NoCharger,757,0.0,Any
100284,Residential,Block,NoCharger,270,0.0,Any
100284,Workplace,Block,NoCharger,143,0.0,Any
100917,Public,Block,NoCharger,17,0.0,Any
100917,Public,Block,NoCharger,6,0.0,Any
100917,Residential,Block,NoCharger,332,0.0,Any
101073,Public,Block,NoCharger,52,0.0,Any
101073,Public,Block,NoCharger,100,0.0,Any
101073,Residential,Block,NoCharger,379,0.0,Any
100914,Public,Block,NoCharger,122,0.0,Any
100914,Residential,Block,NoCharger,467,0.0,Any
100261,Public,Block,NoCharger,485,409.0,Any
100261,Public,Block,NoCharger,1647,164.0,Any
100261,Public,Block,NoCharger,12,0.0,Any
100261,Residential,Block,NoCharger,442,0.0,Any
100261,Workplace,Block,NoCharger,420,0.0,Any
100964,Residential,Block,NoCharger,154,0.0,Any
101264,Residential,Block,NoCharger,443,0.0,Any
101046,Residential,Block,NoCharger,376,0.0,Any
101251,Public,Block,NoCharger,87,0.0,Any
101251,Public,Block,NoCharger,1883,0.0,Any
101251,Public,Block,NoCharger,3700,0.0,Any
101251,Residential,Block,NoCharger,428,0.0,Any
101251,Workplace,Block,NoCharger,1339,0.0,Any
100966,Residential,Block,NoCharger,72,0.0,Any
100918,Public,Block,NoCharger,15,0.0,Any
100918,Residential,Block,NoCharger,323,0.0,Any
101083,Public,Block,NoCharger,64,0.0,Any
101083,Residential,Block,NoCharger,999,0.0,Any
101083,Workplace,Block,NoCharger,788,0.0,Any
101043,Public,Block,NoCharger,76,0.0,Any
101043,Residential,Block,NoCharger,240,0.0,Any
101043,Workplace,Block,NoCharger,5,0.0,Any
100912,Residential,Block,NoCharger,442,0.0,Any
100921,Public,Block,NoCharger,837,0.0,Any
100921,Residential,Block,NoCharger,1085,0.0,Any
100921,Workplace,Block,NoCharger,670,0.0,Any
100256,Public,Block,NoCharger,141,239.0,Any
100256,Public,Block,NoCharger,150,171.0,Any
100256,Residential,Block,NoCharger,547,0.0,Any
100374,Residential,Block,NoCharger,273,0.0,Any
100343,Public,Block,NoCharger,94,108.78957,Any
100343,Public,Block,NoCharger,270,0.0,Any
100343,Residential,Block,NoCharger,351,0.0,Any
100911,Residential,Block,NoCharger,371,0.0,Any
100232,Public,Block,NoCharger,28,0.0,Any
100232,Residential,Block,NoCharger,458,0.0,Any
100965,Residential,Block,NoCharger,155,0.0,Any
10091A,Public,Block,NoCharger,139,0.0,Any
10091A,Residential,Block,NoCharger,421,0.0,Any
101085,Residential,Block,NoCharger,423,0.0,Any
100344,Public,Block,NoCharger,85,108.78957,Any
100344,Residential,Block,NoCharger,265,0.0,Any
100919,Residential,Block,NoCharger,326,0.0,Any
100252,Public,Block,NoCharger,112,239.0,Any
100252,Public,Block,NoCharger,629,171.0,Any
100252,Residential,Block,NoCharger,473,0.0,Any
101072,Public,Block,NoCharger,54,0.0,Any
101072,Public,Block,NoCharger,20,0.0,Any
101072,Public,Block,NoCharger,133,0.0,Any
101072,Residential,Block,NoCharger,574,0.0,Any
101072,Workplace,Block,NoCharger,1797,0.0,Any
101082,Residential,Block,NoCharger,338,0.0,Any
407041,Public,Block,NoCharger,1000000,0.0,Any
407041,Workplace,Block,NoCharger,1000000,0.0,Any
101047,Public,Block,NoCharger,12,0.0,Any
101047,Residential,Block,NoCharger,507,0.0,Any
101084,Public,Block,NoCharger,63,0.0,Any
101084,Residential,Block,NoCharger,325,0.0,Any
100341,Public,Block,NoCharger,51,108.78957,Any
100341,Public,Block,NoCharger,40,0.0,Any
100341,Public,Block,NoCharger,30,0.0,Any
100341,Residential,Block,NoCharger,362,0.0,Any
100341,Workplace,Block,NoCharger,31,0.0,Any
101274,Residential,Block,NoCharger,402,0.0,Any
100255,Public,Block,NoCharger,167,239.0,Any
100255,Public,Block,NoCharger,369,171.0,Any
100255,Residential,Block,NoCharger,564,0.0,Any
101014,Public,Block,NoCharger,30,0.0,Any
101014,Residential,Block,NoCharger,341,0.0,Any
101021,Public,Block,NoCharger,76,0.0,Any
101021,Residential,Block,NoCharger,702,0.0,Any
101021,Workplace,Block,NoCharger,85,0.0,Any
100372,Public,Block,NoCharger,49,0.0,Any
100372,Public,Block,NoCharger,18,0.0,Any
100372,Residential,Block,NoCharger,353,0.0,Any
100372,Workplace,Block,NoCharger,25,0.0,Any
101275,Public,Block,NoCharger,24,0.0,Any
101275,Residential,Block,NoCharger,184,0.0,Any
100997,Residential,Block,NoCharger,386,0.0,Any
100241,Residential,Block,NoCharger,579,0.0,Any
100985,Public,Block,NoCharger,38,0.0,Any
100985,Public,Block,NoCharger,29,0.0,Any
100985,Residential,Block,NoCharger,819,0.0,Any
100985,Workplace,Block,NoCharger,18,0.0,Any
100342,Public,Block,NoCharger,85,108.78957,Any
100342,Residential,Block,NoCharger,353,0.0,Any
101015,Public,Block,NoCharger,25,0.0,Any
101015,Residential,Block,NoCharger,632,0.0,Any
101015,Workplace,Block,NoCharger,3,0.0,Any
100231,Public,Block,NoCharger,20,82.0,Any
100231,Residential,Block,NoCharger,368,0.0,Any
100996,Residential,Block,NoCharger,502,0.0,Any
100294,Residential,Block,NoCharger,309,0.0,Any
101011,Public,Block,NoCharger,198,0.0,Any
101011,Residential,Block,NoCharger,949,0.0,Any
100333,Residential,Block,NoCharger,370,0.0,Any
101054,Residential,Block,NoCharger,434,0.0,Any
101054,Workplace,Block,NoCharger,30,0.0,Any
100998,Residential,Block,NoCharger,213,0.0,Any
100371,Public,Block,NoCharger,175,0.0,Any
100371,Public,Block,NoCharger,150,0.0,Any
100371,Public,Block,NoCharger,255,0.0,Any
100371,Residential,Block,NoCharger,277,0.0,Any
101033,Residential,Block,NoCharger,209,0.0,Any
101032,Public,Block,NoCharger,75,0.0,Any
101032,Residential,Block,NoCharger,478,0.0,Any
101062,Residential,Block,NoCharger,195,0.0,Any
101255,Residential,Block,NoCharger,331,0.0,Any
100233,Public,Block,NoCharger,126,102.0,Any
100233,Public,Block,NoCharger,85,0.0,Any
100233,Residential,Block,NoCharger,631,0.0,Any
101063,Residential,Block,NoCharger,349,0.0,Any
100375,Public,Block,NoCharger,87,0.0,Any
100375,Public,Block,NoCharger,150,0.0,Any
100375,Residential,Block,NoCharger,269,0.0,Any
100375,Workplace,Block,NoCharger,22,0.0,Any
101276,Residential,Block,NoCharger,315,0.0,Any
101051,Residential,Block,NoCharger,122,0.0,Any
100262,Public,Block,NoCharger,340,409.0,Any
100262,Public,Block,NoCharger,907,164.0,Any
100262,Residential,Block,NoCharger,90,0.0,Any
100262,Workplace,Block,NoCharger,25,0.0,Any
101272,Residential,Block,NoCharger,517,0.0,Any
101272,Workplace,Block,NoCharger,13,0.0,Any
100336,Public,Block,NoCharger,47,102.0,Any
100336,Public,Block,NoCharger,205,75.0,Any
100336,Public,Block,NoCharger,111,0.0,Any
100336,Residential,Block,NoCharger,239,0.0,Any
101052,Residential,Block,NoCharger,575,0.0,Any
100253,Public,Block,NoCharger,193,239.0,Any
100253,Public,Block,NoCharger,30,171.0,Any
100253,Residential,Block,NoCharger,491,0.0,Any
101055,Residential,Block,NoCharger,320,0.0,Any
100251,Residential,Block,NoCharger,176,0.0,Any
101256,Residential,Block,NoCharger,43,0.0,Any
100384,Public,Block,NoCharger,20,0.0,Any
100384,Residential,Block,NoCharger,301,0.0,Any
101254,Public,Block,NoCharger,130,0.0,Any
101254,Residential,Block,NoCharger,915,0.0,Any
100254,Public,Block,NoCharger,95,239.0,Any
100254,Public,Block,NoCharger,251,171.0,Any
100254,Residential,Block,NoCharger,396,0.0,Any
100991,Residential,Block,NoCharger,470,0.0,Any
100293,Residential,Block,NoCharger,322,0.0,Any
101277,Residential,Block,NoCharger,323,0.0,Any
101005,Public,Block,NoCharger,17,0.0,Any
101005,Residential,Block,NoCharger,602,0.0,Any
101067,Residential,Block,NoCharger,312,0.0,Any
100275,Public,Block,NoCharger,48,688.0517,Any
100275,Residential,Block,NoCharger,270,0.0,Any
101271,Residential,Block,NoCharger,429,0.0,Any
100161,Public,Block,NoCharger,261,525.0,Any
100161,Public,Block,NoCharger,388,191.0,Any
100161,Public,Block,NoCharger,42,0.0,Any
100161,Residential,Block,NoCharger,770,0.0,Any
101004,Residential,Block,NoCharger,603,0.0,Any
101253,Residential,Block,NoCharger,176,0.0,Any
10017A,Public,Block,NoCharger,4,784.69391,Any
10017A,Residential,Block,NoCharger,8,0.0,Any
10017A,Workplace,Block,NoCharger,318,0.0,Any
101003,Residential,Block,NoCharger,591,0.0,Any
100984,Public,Block,NoCharger,12204,0.0,Any
100984,Public,Block,NoCharger,571,0.0,Any
100984,Residential,Block,NoCharger,3109,0.0,Any
100191,Residential,Block,NoCharger,210,0.0,Any
10091F,Residential,Block,NoCharger,145,0.0,Any
100164,Public,Block,NoCharger,6,525.0,Any
100164,Residential,Block,NoCharger,33,0.0,Any
101252,Residential,Block,NoCharger,95,0.0,Any
100165,Public,Block,NoCharger,11,525.0,Any
100165,Public,Block,NoCharger,160,191.0,Any
100165,Residential,Block,NoCharger,31,0.0,Any
101034,Public,Block,NoCharger,65,0.0,Any
101034,Residential,Block,NoCharger,591,0.0,Any
101034,Workplace,Block,NoCharger,175,0.0,Any
101002,Residential,Block,NoCharger,571,0.0,Any
100179,Public,Block,NoCharger,21,784.69391,Any
100179,Public,Block,NoCharger,210,242.73199,Any
100179,Residential,Block,NoCharger,9,0.0,Any
100101,Public,Block,NoCharger,597,532.0228900000001,Any
100101,Public,Block,NoCharger,2288,164.00706,Any
100101,Residential,Block,NoCharger,2387,0.0,Any
100101,Workplace,Block,NoCharger,1122,0.0,Any
100012,Public,Block,NoCharger,41,932.83514,Any
100012,Public,Block,NoCharger,35,284.01965,Any
100012,Residential,Block,NoCharger,5,0.0,Any
10091C,Residential,Block,NoCharger,291,0.0,Any
100184,Public,Block,NoCharger,176,341.0,Any
100184,Residential,Block,NoCharger,400,0.0,Any
101031,Public,Block,NoCharger,122,0.0,Any
101031,Public,Block,NoCharger,151,0.0,Any
101031,Residential,Block,NoCharger,420,0.0,Any
101031,Workplace,Block,NoCharger,115,0.0,Any
10017E,Public,Block,NoCharger,21,784.69391,Any
10017E,Residential,Block,NoCharger,11,0.0,Any
101257,Residential,Block,NoCharger,376,0.0,Any
100011,Public,Block,NoCharger,39,932.83514,Any
100011,Public,Block,NoCharger,140,284.01965,Any
100011,Residential,Block,NoCharger,5,0.0,Any
10017B,Public,Block,NoCharger,19,784.69391,Any
10017B,Residential,Block,NoCharger,15,0.0,Any
10017F,Public,Block,NoCharger,12,784.69391,Any
10017F,Residential,Block,NoCharger,14,0.0,Any
101061,Residential,Block,NoCharger,387,0.0,Any
101064,Public,Block,NoCharger,12,0.0,Any
101064,Residential,Block,NoCharger,729,0.0,Any
100173,Public,Block,NoCharger,121,784.69391,Any
100173,Residential,Block,NoCharger,32,0.0,Any
100174,Public,Block,NoCharger,18,784.69391,Any
100174,Public,Block,NoCharger,500,242.73199,Any
100174,Residential,Block,NoCharger,16,0.0,Any
100982,Residential,Block,NoCharger,290,0.0,Any
100982,Workplace,Block,NoCharger,21,0.0,Any
100222,Public,Block,NoCharger,106,143.75923,Any
100222,Public,Block,NoCharger,185,133.8934,Any
100222,Residential,Block,NoCharger,548,0.0,Any
201293,Public,Block,NoCharger,1000000,0.0,Any
201293,Residential,Block,NoCharger,545,0.0,Any
201293,Workplace,Block,NoCharger,1000000,0.0,Any
100363,Residential,Block,NoCharger,345,0.0,Any
201285,Public,Block,NoCharger,1000000,0.0,Any
201285,Residential,Block,NoCharger,737,0.0,Any
201285,Workplace,Block,NoCharger,1000000,0.0,Any
100361,Public,Block,NoCharger,3,123.0,Any
100361,Residential,Block,NoCharger,362,0.0,Any
201353,Public,Block,NoCharger,1000000,0.0,Any
201353,Residential,Block,NoCharger,1638,0.0,Any
201353,Workplace,Block,NoCharger,1000000,0.0,Any
100168,Public,Block,NoCharger,14,525.0,Any
100168,Public,Block,NoCharger,558,191.0,Any
100168,Residential,Block,NoCharger,22,0.0,Any
201295,Public,Block,NoCharger,1000000,0.0,Any
201295,Residential,Block,NoCharger,958,0.0,Any
201295,Workplace,Block,NoCharger,1000000,0.0,Any
100178,Public,Block,NoCharger,4,784.69391,Any
100178,Residential,Block,NoCharger,10,0.0,Any
201342,Public,Block,NoCharger,1000000,0.0,Any
201342,Residential,Block,NoCharger,491,0.0,Any
201342,Workplace,Block,NoCharger,1000000,0.0,Any
201341,Public,Block,NoCharger,1000000,0.0,Any
201341,Residential,Block,NoCharger,508,0.0,Any
201341,Workplace,Block,NoCharger,1000000,0.0,Any
100175,Public,Block,NoCharger,4,784.69391,Any
100175,Public,Block,NoCharger,140,242.73199,Any
100175,Residential,Block,NoCharger,16,0.0,Any
201344,Public,Block,NoCharger,1000000,0.0,Any
201344,Residential,Block,NoCharger,1047,0.0,Any
201344,Workplace,Block,NoCharger,1000000,0.0,Any
100365,Residential,Block,NoCharger,268,0.0,Any
201343,Public,Block,NoCharger,1000000,0.0,Any
201343,Residential,Block,NoCharger,171,0.0,Any
201343,Workplace,Block,NoCharger,1000000,0.0,Any
100167,Public,Block,NoCharger,14,525.0,Any
100167,Public,Block,NoCharger,664,191.0,Any
100167,Residential,Block,NoCharger,22,0.0,Any
100177,Public,Block,NoCharger,20,784.69391,Any
100177,Residential,Block,NoCharger,11,0.0,Any
100166,Public,Block,NoCharger,8,525.0,Any
100166,Public,Block,NoCharger,676,191.0,Any
100166,Residential,Block,NoCharger,22,0.0,Any
201331,Public,Block,NoCharger,1000000,0.0,Any
201331,Residential,Block,NoCharger,1201,0.0,Any
201331,Workplace,Block,NoCharger,1000000,0.0,Any
201333,Public,Block,NoCharger,1000000,0.0,Any
201333,Residential,Block,NoCharger,262,0.0,Any
201333,Workplace,Block,NoCharger,1000000,0.0,Any
100243,Residential,Block,NoCharger,412,0.0,Any
100243,Workplace,Block,NoCharger,20,0.0,Any
201282,Public,Block,NoCharger,1000000,0.0,Any
201282,Residential,Block,NoCharger,424,0.0,Any
201282,Workplace,Block,NoCharger,1000000,0.0,Any
100221,Public,Block,NoCharger,73,143.75923,Any
100221,Residential,Block,NoCharger,435,0.0,Any
201334,Public,Block,NoCharger,1000000,0.0,Any
201334,Residential,Block,NoCharger,227,0.0,Any
201334,Workplace,Block,NoCharger,1000000,0.0,Any
201286,Public,Block,NoCharger,1000000,0.0,Any
201286,Residential,Block,NoCharger,274,0.0,Any
201286,Workplace,Block,NoCharger,1000000,0.0,Any
100181,Public,Block,NoCharger,84,468.61349,Any
100181,Public,Block,NoCharger,40,318.82207999999997,Any
100181,Residential,Block,NoCharger,397,0.0,Any
201281,Public,Block,NoCharger,1000000,0.0,Any
201281,Residential,Block,NoCharger,122,0.0,Any
201281,Workplace,Block,NoCharger,1000000,0.0,Any
100351,Public,Block,NoCharger,32,102.0,Any
100351,Public,Block,NoCharger,92,0.0,Any
100351,Residential,Block,NoCharger,506,0.0,Any
101024,Public,Block,NoCharger,12,0.0,Any
101024,Residential,Block,NoCharger,359,0.0,Any
100182,Public,Block,NoCharger,115,468.61349,Any
100182,Residential,Block,NoCharger,444,0.0,Any
100172,Public,Block,NoCharger,28,784.69391,Any
100172,Residential,Block,NoCharger,10,0.0,Any
101017,Residential,Block,NoCharger,524,0.0,Any
100362,Public,Block,NoCharger,1,123.0,Any
100362,Residential,Block,NoCharger,316,0.0,Any
100093,Public,Block,NoCharger,1000000,0.0,Any
100093,Workplace,Block,NoCharger,1000000,0.0,Any
101022,Residential,Block,NoCharger,135,0.0,Any
100162,Public,Block,NoCharger,142,525.0,Any
100162,Public,Block,NoCharger,1095,191.0,Any
100162,Residential,Block,NoCharger,68,0.0,Any
100994,Residential,Block,NoCharger,652,0.0,Any
100163,Public,Block,NoCharger,78,525.0,Any
100163,Public,Block,NoCharger,240,191.0,Any
100163,Residential,Block,NoCharger,42,0.0,Any
100354,Residential,Block,NoCharger,491,0.0,Any
100171,Public,Block,NoCharger,153,784.69391,Any
100171,Public,Block,NoCharger,440,242.73199,Any
100171,Residential,Block,NoCharger,64,0.0,Any
101025,Residential,Block,NoCharger,256,0.0,Any
100373,Residential,Block,NoCharger,366,0.0,Any
100176,Public,Block,NoCharger,141,784.69391,Any
100176,Public,Block,NoCharger,152,242.73199,Any
100176,Residential,Block,NoCharger,93,0.0,Any
100176,Workplace,Block,NoCharger,35,0.0,Any
100183,Public,Block,NoCharger,246,341.0,Any
100183,Public,Block,NoCharger,635,232.0,Any
100183,Residential,Block,NoCharger,906,0.0,Any
101053,Residential,Block,NoCharger,317,0.0,Any
100242,Residential,Block,NoCharger,409,0.0,Any
100993,Public,Block,NoCharger,6,0.0,Any
100993,Residential,Block,NoCharger,585,0.0,Any
101023,Public,Block,NoCharger,120,0.0,Any
101023,Residential,Block,NoCharger,288,0.0,Any
101012,Residential,Block,NoCharger,193,0.0,Any
101018,Residential,Block,NoCharger,660,0.0,Any
910980,Public,Block,NoCharger,1000000,0.0,Any
910980,Residential,Block,NoCharger,787,0.0,Any
910980,Workplace,Block,NoCharger,1000000,0.0,Any
101273,Residential,Block,NoCharger,1201,0.0,Any
101013,Residential,Block,NoCharger,155,0.0,Any
100995,Residential,Block,NoCharger,317,0.0,Any
910953,Public,Block,NoCharger,1000000,0.0,Any
910953,Residential,Block,NoCharger,899,0.0,Any
910953,Workplace,Block,NoCharger,1000000,0.0,Any
100992,Public,Block,NoCharger,74,0.0,Any
100992,Public,Block,NoCharger,44,0.0,Any
100992,Public,Block,NoCharger,14,0.0,Any
100992,Residential,Block,NoCharger,498,0.0,Any
910972,Public,Block,NoCharger,1000000,0.0,Any
910972,Workplace,Block,NoCharger,1000000,0.0,Any
101016,Residential,Block,NoCharger,302,0.0,Any
100701,Residential,Block,NoCharger,425,0.0,Any
100666,Residential,Block,NoCharger,72,0.0,Any
101175,Residential,Block,NoCharger,230,0.0,Any
100733,Residential,Block,NoCharger,315,0.0,Any
101165,Residential,Block,NoCharger,358,0.0,Any
100673,Residential,Block,NoCharger,963,0.0,Any
101211,Public,Block,NoCharger,88,0.0,Any
101211,Public,Block,NoCharger,44,0.0,Any
101211,Residential,Block,NoCharger,390,0.0,Any
101211,Workplace,Block,NoCharger,14,0.0,Any
101216,Public,Block,NoCharger,1,0.0,Any
101216,Public,Block,NoCharger,19,0.0,Any
101216,Residential,Block,NoCharger,352,0.0,Any
101125,Public,Block,NoCharger,5,0.0,Any
101125,Residential,Block,NoCharger,359,0.0,Any
100681,Residential,Block,NoCharger,288,0.0,Any
101122,Residential,Block,NoCharger,466,0.0,Any
100704,Residential,Block,NoCharger,337,0.0,Any
101145,Residential,Block,NoCharger,409,0.0,Any
910973,Public,Block,NoCharger,1000000,0.0,Any
910973,Residential,Block,NoCharger,2089,0.0,Any
910973,Workplace,Block,NoCharger,1000000,0.0,Any
100698,Residential,Block,NoCharger,241,0.0,Any
101126,Residential,Block,NoCharger,456,0.0,Any
100677,Public,Block,NoCharger,53,0.0,Any
100677,Residential,Block,NoCharger,378,0.0,Any
100677,Workplace,Block,NoCharger,10,0.0,Any
910912,Public,Block,NoCharger,1000000,0.0,Any
910912,Residential,Block,NoCharger,1635,0.0,Any
910912,Workplace,Block,NoCharger,1000000,0.0,Any
100824,Residential,Block,NoCharger,887,0.0,Any
100838,Public,Block,NoCharger,19,0.0,Any
100838,Residential,Block,NoCharger,509,0.0,Any
101155,Residential,Block,NoCharger,313,0.0,Any
100833,Residential,Block,NoCharger,521,0.0,Any
100696,Residential,Block,NoCharger,342,0.0,Any
101156,Residential,Block,NoCharger,276,0.0,Any
100699,Residential,Block,NoCharger,368,0.0,Any
101154,Residential,Block,NoCharger,294,0.0,Any
101144,Residential,Block,NoCharger,416,0.0,Any
101144,Workplace,Block,NoCharger,23,0.0,Any
101127,Public,Block,NoCharger,6,0.0,Any
101127,Residential,Block,NoCharger,625,0.0,Any
101174,Residential,Block,NoCharger,236,0.0,Any
100674,Residential,Block,NoCharger,146,0.0,Any
100667,Residential,Block,NoCharger,425,0.0,Any
100744,Public,Block,NoCharger,229,68.0,Any
100744,Public,Block,NoCharger,380,0.0,Any
100744,Public,Block,NoCharger,20,0.0,Any
100744,Residential,Block,NoCharger,501,0.0,Any
100744,Workplace,Block,NoCharger,25,0.0,Any
100672,Residential,Block,NoCharger,684,0.0,Any
101164,Residential,Block,NoCharger,340,0.0,Any
100832,Public,Block,NoCharger,34,0.0,Any
100832,Public,Block,NoCharger,24,0.0,Any
100832,Residential,Block,NoCharger,273,0.0,Any
100832,Workplace,Block,NoCharger,540,0.0,Any
100837,Public,Block,NoCharger,53,0.0,Any
100837,Residential,Block,NoCharger,269,0.0,Any
100837,Workplace,Block,NoCharger,136,0.0,Any
101163,Residential,Block,NoCharger,340,0.0,Any
407245,Public,Block,NoCharger,1000000,0.0,Any
407245,Residential,Block,NoCharger,66,0.0,Any
407245,Workplace,Block,NoCharger,1000000,0.0,Any
100834,Residential,Block,NoCharger,256,0.0,Any
100834,Workplace,Block,NoCharger,10,0.0,Any
910971,Public,Block,NoCharger,1000000,0.0,Any
910971,Residential,Block,NoCharger,960,0.0,Any
910971,Workplace,Block,NoCharger,1000000,0.0,Any
100695,Public,Block,NoCharger,62,61.0,Any
100695,Public,Block,NoCharger,53,0.0,Any
100695,Residential,Block,NoCharger,302,0.0,Any
100732,Residential,Block,NoCharger,619,0.0,Any
100743,Public,Block,NoCharger,156,68.0,Any
100743,Residential,Block,NoCharger,230,0.0,Any
100823,Public,Block,NoCharger,163,0.0,Any
100823,Public,Block,NoCharger,90,0.0,Any
100823,Residential,Block,NoCharger,935,0.0,Any
100823,Workplace,Block,NoCharger,150,0.0,Any
101121,Residential,Block,NoCharger,500,0.0,Any
910991,Public,Block,NoCharger,1000000,0.0,Any
910991,Residential,Block,NoCharger,93,0.0,Any
910991,Workplace,Block,NoCharger,1000000,0.0,Any
100812,Public,Block,NoCharger,104,0.0,Any
100812,Public,Block,NoCharger,150,0.0,Any
100812,Public,Block,NoCharger,69,0.0,Any
100812,Residential,Block,NoCharger,181,0.0,Any
100812,Workplace,Block,NoCharger,322,0.0,Any
101173,Public,Block,NoCharger,4,0.0,Any
101173,Residential,Block,NoCharger,408,0.0,Any
100707,Public,Block,NoCharger,24,0.0,Any
100707,Public,Block,NoCharger,38,0.0,Any
100707,Residential,Block,NoCharger,569,0.0,Any
100705,Public,Block,NoCharger,30,0.0,Any
100705,Public,Block,NoCharger,29,0.0,Any
100705,Residential,Block,NoCharger,229,0.0,Any
101203,Residential,Block,NoCharger,429,0.0,Any
100713,Residential,Block,NoCharger,363,0.0,Any
407243,Public,Block,NoCharger,1000000,0.0,Any
407243,Residential,Block,NoCharger,58,0.0,Any
407243,Workplace,Block,NoCharger,1000000,0.0,Any
101124,Public,Block,NoCharger,3,0.0,Any
101124,Residential,Block,NoCharger,454,0.0,Any
101114,Residential,Block,NoCharger,497,0.0,Any
101113,Residential,Block,NoCharger,550,0.0,Any
101113,Workplace,Block,NoCharger,10,0.0,Any
910974,Public,Block,NoCharger,1000000,0.0,Any
910974,Residential,Block,NoCharger,688,0.0,Any
910974,Workplace,Block,NoCharger,1000000,0.0,Any
100686,Residential,Block,NoCharger,419,0.0,Any
100845,Residential,Block,NoCharger,245,0.0,Any
100684,Public,Block,NoCharger,22,0.0,Any
100684,Residential,Block,NoCharger,431,0.0,Any
407354,Public,Block,NoCharger,1000000,0.0,Any
407354,Residential,Block,NoCharger,518,0.0,Any
407354,Workplace,Block,NoCharger,1000000,0.0,Any
100842,Residential,Block,NoCharger,210,0.0,Any
101191,Public,Block,NoCharger,37,0.0,Any
101191,Residential,Block,NoCharger,655,0.0,Any
101191,Workplace,Block,NoCharger,107,0.0,Any
101123,Residential,Block,NoCharger,416,0.0,Any
101177,Public,Block,NoCharger,4,0.0,Any
101177,Residential,Block,NoCharger,116,0.0,Any
407242,Public,Block,NoCharger,1000000,0.0,Any
407242,Residential,Block,NoCharger,189,0.0,Any
407242,Workplace,Block,NoCharger,1000000,0.0,Any
100702,Public,Block,NoCharger,33,0.0,Any
100702,Residential,Block,NoCharger,196,0.0,Any
101167,Residential,Block,NoCharger,569,0.0,Any
101167,Workplace,Block,NoCharger,132,0.0,Any
100955,Public,Block,NoCharger,1000000,0.0,Any
100955,Workplace,Block,NoCharger,1000000,0.0,Any
100712,Residential,Block,NoCharger,233,0.0,Any
100944,Public,Block,NoCharger,12,0.0,Any
100944,Public,Block,NoCharger,750,0.0,Any
100944,Residential,Block,NoCharger,22,0.0,Any
100944,Workplace,Block,NoCharger,1453,0.0,Any
100846,Residential,Block,NoCharger,261,0.0,Any
100682,Public,Block,NoCharger,18,0.0,Any
100682,Residential,Block,NoCharger,443,0.0,Any
100682,Workplace,Block,NoCharger,12,0.0,Any
101111,Residential,Block,NoCharger,323,0.0,Any
100941,Public,Block,NoCharger,14,0.0,Any
100941,Public,Block,NoCharger,17,0.0,Any
100941,Residential,Block,NoCharger,15,0.0,Any
100941,Workplace,Block,NoCharger,66,0.0,Any
100847,Public,Block,NoCharger,124,0.0,Any
100847,Public,Block,NoCharger,66,0.0,Any
100847,Residential,Block,NoCharger,432,0.0,Any
101202,Public,Block,NoCharger,19,0.0,Any
101202,Residential,Block,NoCharger,467,0.0,Any
100703,Public,Block,NoCharger,81,0.0,Any
100703,Public,Block,NoCharger,37,0.0,Any
100703,Residential,Block,NoCharger,314,0.0,Any
100679,Public,Block,NoCharger,206,0.0,Any
100679,Public,Block,NoCharger,53,0.0,Any
100679,Residential,Block,NoCharger,431,0.0,Any
100679,Workplace,Block,NoCharger,624,0.0,Any
407232,Public,Block,NoCharger,1000000,0.0,Any
407232,Workplace,Block,NoCharger,1000000,0.0,Any
101215,Public,Block,NoCharger,1,0.0,Any
101215,Residential,Block,NoCharger,705,0.0,Any
100678,Public,Block,NoCharger,49,0.0,Any
100678,Residential,Block,NoCharger,174,0.0,Any
101176,Residential,Block,NoCharger,226,0.0,Any
101176,Workplace,Block,NoCharger,8,0.0,Any
100711,Public,Block,NoCharger,8,102.04769,Any
100711,Residential,Block,NoCharger,245,0.0,Any
100711,Workplace,Block,NoCharger,14,0.0,Any
101166,Residential,Block,NoCharger,331,0.0,Any
100724,Public,Block,NoCharger,227,94.95461,Any
100724,Public,Block,NoCharger,52,0.0,Any
100724,Residential,Block,NoCharger,340,0.0,Any
100724,Workplace,Block,NoCharger,38,0.0,Any
100683,Residential,Block,NoCharger,256,0.0,Any
100721,Public,Block,NoCharger,149,94.95461,Any
100721,Public,Block,NoCharger,19,0.0,Any
100721,Public,Block,NoCharger,20,0.0,Any
100721,Residential,Block,NoCharger,315,0.0,Any
100721,Workplace,Block,NoCharger,135,0.0,Any
101201,Public,Block,NoCharger,117,0.0,Any
101201,Public,Block,NoCharger,80,0.0,Any
101201,Residential,Block,NoCharger,434,0.0,Any
100844,Public,Block,NoCharger,76,0.0,Any
100844,Public,Block,NoCharger,48,0.0,Any
100844,Residential,Block,NoCharger,262,0.0,Any
100841,Public,Block,NoCharger,1657,0.0,Any
100841,Public,Block,NoCharger,28,0.0,Any
100841,Residential,Block,NoCharger,303,0.0,Any
100843,Public,Block,NoCharger,48,0.0,Any
100843,Residential,Block,NoCharger,208,0.0,Any
100942,Public,Block,NoCharger,150,0.0,Any
100942,Public,Block,NoCharger,88,0.0,Any
100942,Residential,Block,NoCharger,19,0.0,Any
100942,Workplace,Block,NoCharger,257,0.0,Any
101206,Residential,Block,NoCharger,423,0.0,Any
100861,Residential,Block,NoCharger,312,0.0,Any
100956,Public,Block,NoCharger,451,0.0,Any
100956,Residential,Block,NoCharger,13,0.0,Any
100956,Workplace,Block,NoCharger,280,0.0,Any
100872,Public,Block,NoCharger,2,0.0,Any
100872,Residential,Block,NoCharger,362,0.0,Any
100893,Public,Block,NoCharger,156,0.0,Any
100893,Residential,Block,NoCharger,993,0.0,Any
100893,Workplace,Block,NoCharger,275,0.0,Any
100856,Residential,Block,NoCharger,305,0.0,Any
101116,Public,Block,NoCharger,80,0.0,Any
101116,Public,Block,NoCharger,86,0.0,Any
101116,Residential,Block,NoCharger,186,0.0,Any
100874,Public,Block,NoCharger,7,0.0,Any
100874,Residential,Block,NoCharger,312,0.0,Any
407234,Public,Block,NoCharger,1000000,0.0,Any
407234,Workplace,Block,NoCharger,1000000,0.0,Any
100859,Residential,Block,NoCharger,447,0.0,Any
101119,Residential,Block,NoCharger,291,0.0,Any
101118,Public,Block,NoCharger,89,0.0,Any
101118,Public,Block,NoCharger,32,0.0,Any
101118,Residential,Block,NoCharger,342,0.0,Any
407233,Public,Block,NoCharger,1000000,0.0,Any
407233,Workplace,Block,NoCharger,1000000,0.0,Any
101112,Residential,Block,NoCharger,149,0.0,Any
100875,Residential,Block,NoCharger,364,0.0,Any
100871,Residential,Block,NoCharger,276,0.0,Any
407231,Public,Block,NoCharger,1000000,0.0,Any
407231,Workplace,Block,NoCharger,1000000,0.0,Any
101205,Residential,Block,NoCharger,448,0.0,Any
101115,Residential,Block,NoCharger,205,0.0,Any
100855,Residential,Block,NoCharger,300,0.0,Any
101117,Public,Block,NoCharger,32,0.0,Any
101117,Public,Block,NoCharger,50,0.0,Any
101117,Residential,Block,NoCharger,315,0.0,Any
100881,Residential,Block,NoCharger,663,0.0,Any
100943,Public,Block,NoCharger,211,0.0,Any
100943,Residential,Block,NoCharger,18,0.0,Any
100882,Residential,Block,NoCharger,792,0.0,Any
100851,Public,Block,NoCharger,3,0.0,Any
100851,Residential,Block,NoCharger,245,0.0,Any
101181,Residential,Block,NoCharger,400,0.0,Any
101185,Residential,Block,NoCharger,1075,0.0,Any
100864,Public,Block,NoCharger,190,0.0,Any
100864,Public,Block,NoCharger,214,0.0,Any
100864,Public,Block,NoCharger,35,0.0,Any
100864,Residential,Block,NoCharger,548,0.0,Any
100864,Workplace,Block,NoCharger,215,0.0,Any
100854,Public,Block,NoCharger,110,0.0,Any
100854,Public,Block,NoCharger,48,0.0,Any
100854,Residential,Block,NoCharger,350,0.0,Any
101214,Residential,Block,NoCharger,512,0.0,Any
100706,Residential,Block,NoCharger,330,0.0,Any
100714,Public,Block,NoCharger,1,102.04769,Any
100714,Residential,Block,NoCharger,241,0.0,Any
101212,Residential,Block,NoCharger,370,0.0,Any
407063,Public,Block,NoCharger,1000000,0.0,Any
407063,Residential,Block,NoCharger,78,0.0,Any
407063,Workplace,Block,NoCharger,1000000,0.0,Any
100723,Public,Block,NoCharger,123,94.95461,Any
100723,Residential,Block,NoCharger,172,0.0,Any
100722,Public,Block,NoCharger,85,94.95461,Any
100722,Public,Block,NoCharger,11,0.0,Any
100722,Residential,Block,NoCharger,174,0.0,Any
100848,Public,Block,NoCharger,10,0.0,Any
100848,Public,Block,NoCharger,13,0.0,Any
100848,Residential,Block,NoCharger,195,0.0,Any
100685,Residential,Block,NoCharger,151,0.0,Any
101196,Residential,Block,NoCharger,326,0.0,Any
100852,Public,Block,NoCharger,6,0.0,Any
100852,Residential,Block,NoCharger,654,0.0,Any
101204,Residential,Block,NoCharger,447,0.0,Any
100931,Public,Block,NoCharger,39,0.0,Any
100931,Residential,Block,NoCharger,674,0.0,Any
100931,Workplace,Block,NoCharger,75,0.0,Any
100901,Public,Block,NoCharger,261,0.0,Any
100901,Residential,Block,NoCharger,594,0.0,Any
100934,Public,Block,NoCharger,87,0.0,Any
100934,Residential,Block,NoCharger,837,0.0,Any
100934,Workplace,Block,NoCharger,44,0.0,Any
100952,Public,Block,NoCharger,26,0.0,Any
100952,Residential,Block,NoCharger,921,0.0,Any
100902,Public,Block,NoCharger,11,0.0,Any
100902,Residential,Block,NoCharger,264,0.0,Any
100853,Residential,Block,NoCharger,73,0.0,Any
101222,Residential,Block,NoCharger,298,0.0,Any
101195,Residential,Block,NoCharger,311,0.0,Any
407066,Public,Block,NoCharger,1000000,0.0,Any
407066,Residential,Block,NoCharger,51,0.0,Any
407066,Workplace,Block,NoCharger,1000000,0.0,Any
101104,Public,Block,NoCharger,185,0.0,Any
101104,Public,Block,NoCharger,19,0.0,Any
101104,Public,Block,NoCharger,42,0.0,Any
101104,Residential,Block,NoCharger,607,0.0,Any
101104,Workplace,Block,NoCharger,8,0.0,Any
101193,Public,Block,NoCharger,11,0.0,Any
101193,Residential,Block,NoCharger,370,0.0,Any
101193,Workplace,Block,NoCharger,30,0.0,Any
101102,Residential,Block,NoCharger,341,0.0,Any
100895,Residential,Block,NoCharger,392,0.0,Any
101226,Residential,Block,NoCharger,279,0.0,Any
100951,Public,Block,NoCharger,105,0.0,Any
100951,Residential,Block,NoCharger,603,0.0,Any
100951,Workplace,Block,NoCharger,90,0.0,Any
100906,Residential,Block,NoCharger,380,0.0,Any
407061,Public,Block,NoCharger,1000000,0.0,Any
407061,Workplace,Block,NoCharger,1000000,0.0,Any
100891,Residential,Block,NoCharger,481,0.0,Any
101221,Public,Block,NoCharger,30,0.0,Any
101221,Residential,Block,NoCharger,317,0.0,Any
407065,Public,Block,NoCharger,1000000,0.0,Any
407065,Residential,Block,NoCharger,49,0.0,Any
407065,Workplace,Block,NoCharger,1000000,0.0,Any
101091,Residential,Block,NoCharger,1446,0.0,Any
100894,Residential,Block,NoCharger,367,0.0,Any
100311,Residential,Block,NoCharger,2102,0.0,Any
101227,Public,Block,NoCharger,1,0.0,Any
101227,Public,Block,NoCharger,10,0.0,Any
101227,Residential,Block,NoCharger,311,0.0,Any
100483,Residential,Block,NoCharger,450,0.0,Any
100858,Residential,Block,NoCharger,248,0.0,Any
100605,Public,Block,NoCharger,80,202.2475,Any
100605,Public,Block,NoCharger,48,130.76346,Any
100605,Public,Block,NoCharger,245,0.0,Any
100605,Residential,Block,NoCharger,400,0.0,Any
100857,Residential,Block,NoCharger,131,0.0,Any
100953,Public,Block,NoCharger,15,0.0,Any
100953,Public,Block,NoCharger,184,0.0,Any
100953,Residential,Block,NoCharger,416,0.0,Any
100463,Residential,Block,NoCharger,393,0.0,Any
100463,Workplace,Block,NoCharger,16,0.0,Any
100132,Public,Block,NoCharger,203,225.01944,Any
100132,Public,Block,NoCharger,980,82.00709,Any
100132,Public,Block,NoCharger,198,0.0,Any
100132,Residential,Block,NoCharger,222,0.0,Any
100132,Workplace,Block,NoCharger,64,0.0,Any
100862,Residential,Block,NoCharger,200,0.0,Any
100417,Residential,Block,NoCharger,118,0.0,Any
101192,Public,Block,NoCharger,21,0.0,Any
101192,Residential,Block,NoCharger,363,0.0,Any
100502,Public,Block,NoCharger,14,0.0,Any
100502,Residential,Block,NoCharger,402,0.0,Any
100873,Public,Block,NoCharger,23,0.0,Any
100873,Residential,Block,NoCharger,386,0.0,Any
100482,Public,Block,NoCharger,8,0.0,Any
100482,Residential,Block,NoCharger,375,0.0,Any
101207,Public,Block,NoCharger,11,0.0,Any
101207,Public,Block,NoCharger,21,0.0,Any
101207,Residential,Block,NoCharger,439,0.0,Any
100442,Residential,Block,NoCharger,391,0.0,Any
101213,Public,Block,NoCharger,202,0.0,Any
101213,Public,Block,NoCharger,15,0.0,Any
101213,Residential,Block,NoCharger,385,0.0,Any
100551,Residential,Block,NoCharger,342,0.0,Any
100602,Residential,Block,NoCharger,327,0.0,Any
100123,Public,Block,NoCharger,50,0.0,Any
100123,Residential,Block,NoCharger,147,0.0,Any
101184,Residential,Block,NoCharger,119,0.0,Any
101105,Public,Block,NoCharger,19,0.0,Any
101105,Public,Block,NoCharger,39,0.0,Any
101105,Residential,Block,NoCharger,470,0.0,Any
910990,Public,Block,NoCharger,1000000,0.0,Any
910990,Residential,Block,NoCharger,183,0.0,Any
910990,Workplace,Block,NoCharger,1000000,0.0,Any
101101,Public,Block,NoCharger,70,0.0,Any
101101,Public,Block,NoCharger,23,0.0,Any
101101,Public,Block,NoCharger,25,0.0,Any
101101,Residential,Block,NoCharger,373,0.0,Any
100412,Public,Block,NoCharger,26,0.0,Any
100412,Residential,Block,NoCharger,219,0.0,Any
100532,Residential,Block,NoCharger,231,0.0,Any
100424,Public,Block,NoCharger,77,0.0,Any
100424,Residential,Block,NoCharger,294,0.0,Any
101182,Residential,Block,NoCharger,384,0.0,Any
100863,Public,Block,NoCharger,63,0.0,Any
100863,Public,Block,NoCharger,127,0.0,Any
100863,Residential,Block,NoCharger,221,0.0,Any
100124,Public,Block,NoCharger,72,225.0,Any
100124,Public,Block,NoCharger,47,82.0,Any
100124,Public,Block,NoCharger,15,0.0,Any
100124,Residential,Block,NoCharger,146,0.0,Any
100124,Workplace,Block,NoCharger,20,0.0,Any
100603,Residential,Block,NoCharger,680,0.0,Any
100445,Residential,Block,NoCharger,420,0.0,Any
100601,Residential,Block,NoCharger,283,0.0,Any
100414,Residential,Block,NoCharger,302,0.0,Any
201433,Public,Block,NoCharger,1000000,0.0,Any
201433,Residential,Block,NoCharger,126,0.0,Any
201433,Workplace,Block,NoCharger,1000000,0.0,Any
100062,Public,Block,NoCharger,118,277.92566,Any
100062,Public,Block,NoCharger,532,90.6058,Any
100062,Residential,Block,NoCharger,553,0.0,Any
100062,Workplace,Block,NoCharger,127,0.0,Any
100064,Public,Block,NoCharger,57,277.92566,Any
100064,Public,Block,NoCharger,43,0.0,Any
100064,Residential,Block,NoCharger,347,0.0,Any
100064,Workplace,Block,NoCharger,40,0.0,Any
100604,Public,Block,NoCharger,30,202.2475,Any
100604,Public,Block,NoCharger,14,0.0,Any
100604,Residential,Block,NoCharger,607,0.0,Any
100612,Public,Block,NoCharger,297,123.0,Any
100612,Public,Block,NoCharger,43,95.0,Any
100612,Public,Block,NoCharger,15,0.0,Any
100612,Residential,Block,NoCharger,419,0.0,Any
100484,Residential,Block,NoCharger,187,0.0,Any
100791,Public,Block,NoCharger,617,136.02635,Any
100791,Public,Block,NoCharger,1276,68.01318,Any
100791,Public,Block,NoCharger,292,0.0,Any
100791,Residential,Block,NoCharger,1256,0.0,Any
100791,Workplace,Block,NoCharger,260,0.0,Any
100063,Public,Block,NoCharger,92,277.92566,Any
100063,Public,Block,NoCharger,110,90.6058,Any
100063,Public,Block,NoCharger,85,0.0,Any
100063,Residential,Block,NoCharger,515,0.0,Any
201474,Public,Block,NoCharger,1000000,0.0,Any
201474,Residential,Block,NoCharger,650,0.0,Any
201474,Workplace,Block,NoCharger,1000000,0.0,Any
100583,Public,Block,NoCharger,35,0.0,Any
100583,Residential,Block,NoCharger,216,0.0,Any
100542,Public,Block,NoCharger,240,0.0,Any
100542,Residential,Block,NoCharger,250,0.0,Any
201394,Public,Block,NoCharger,1000000,0.0,Any
201394,Residential,Block,NoCharger,667,0.0,Any
201394,Workplace,Block,NoCharger,1000000,0.0,Any
100121,Public,Block,NoCharger,29,225.0,Any
100121,Residential,Block,NoCharger,147,0.0,Any
100065,Public,Block,NoCharger,46,277.92566,Any
100065,Public,Block,NoCharger,195,90.6058,Any
100065,Public,Block,NoCharger,200,0.0,Any
100065,Residential,Block,NoCharger,347,0.0,Any
100065,Workplace,Block,NoCharger,134,0.0,Any
100613,Public,Block,NoCharger,57,123.0,Any
100613,Residential,Block,NoCharger,296,0.0,Any
100613,Workplace,Block,NoCharger,20,0.0,Any
100053,Public,Block,NoCharger,177,299.21539,Any
100053,Public,Block,NoCharger,808,181.05391,Any
100053,Residential,Block,NoCharger,492,0.0,Any
100053,Workplace,Block,NoCharger,40,0.0,Any
100546,Public,Block,NoCharger,770,0.0,Any
100546,Residential,Block,NoCharger,431,0.0,Any
100546,Workplace,Block,NoCharger,218,0.0,Any
100462,Residential,Block,NoCharger,393,0.0,Any
100421,Residential,Block,NoCharger,711,0.0,Any
201501,Public,Block,NoCharger,1000000,0.0,Any
201501,Residential,Block,NoCharger,559,0.0,Any
201501,Workplace,Block,NoCharger,1000000,0.0,Any
100584,Public,Block,NoCharger,29,0.0,Any
100584,Residential,Block,NoCharger,488,0.0,Any
201461,Public,Block,NoCharger,1000000,0.0,Any
201461,Residential,Block,NoCharger,594,0.0,Any
201461,Workplace,Block,NoCharger,1000000,0.0,Any
100446,Public,Block,NoCharger,57,0.0,Any
100446,Public,Block,NoCharger,39,0.0,Any
100446,Residential,Block,NoCharger,423,0.0,Any
201451,Public,Block,NoCharger,1000000,0.0,Any
201451,Residential,Block,NoCharger,700,0.0,Any
201451,Workplace,Block,NoCharger,1000000,0.0,Any
100611,Public,Block,NoCharger,270,123.0,Any
100611,Public,Block,NoCharger,746,95.0,Any
100611,Residential,Block,NoCharger,565,0.0,Any
100611,Workplace,Block,NoCharger,322,0.0,Any
100595,Public,Block,NoCharger,120,0.0,Any
100595,Residential,Block,NoCharger,266,0.0,Any
100425,Public,Block,NoCharger,49,0.0,Any
100425,Public,Block,NoCharger,22,0.0,Any
100425,Residential,Block,NoCharger,501,0.0,Any
100122,Public,Block,NoCharger,49,225.0,Any
100122,Public,Block,NoCharger,128,82.0,Any
100122,Residential,Block,NoCharger,146,0.0,Any
100122,Workplace,Block,NoCharger,18,0.0,Any
201463,Public,Block,NoCharger,1000000,0.0,Any
201463,Residential,Block,NoCharger,419,0.0,Any
201463,Workplace,Block,NoCharger,1000000,0.0,Any
100598,Public,Block,NoCharger,11,384.05374,Any
100598,Public,Block,NoCharger,31,0.0,Any
100598,Residential,Block,NoCharger,288,0.0,Any
201441,Public,Block,NoCharger,1000000,0.0,Any
201441,Residential,Block,NoCharger,306,0.0,Any
201441,Workplace,Block,NoCharger,1000000,0.0,Any
100631,Residential,Block,NoCharger,351,0.0,Any
100751,Public,Block,NoCharger,103,68.0,Any
100751,Public,Block,NoCharger,58,0.0,Any
100751,Residential,Block,NoCharger,409,0.0,Any
100751,Workplace,Block,NoCharger,20,0.0,Any
201392,Public,Block,NoCharger,1000000,0.0,Any
201392,Residential,Block,NoCharger,717,0.0,Any
201392,Workplace,Block,NoCharger,1000000,0.0,Any
100401,Public,Block,NoCharger,830,0.0,Any
100401,Residential,Block,NoCharger,14,0.0,Any
100401,Workplace,Block,NoCharger,40,0.0,Any
201391,Public,Block,NoCharger,1000000,0.0,Any
201391,Residential,Block,NoCharger,415,0.0,Any
201391,Workplace,Block,NoCharger,1000000,0.0,Any
100628,Public,Block,NoCharger,27,68.0,Any
100628,Public,Block,NoCharger,80,0.0,Any
100628,Residential,Block,NoCharger,501,0.0,Any
100628,Workplace,Block,NoCharger,289,0.0,Any
100632,Public,Block,NoCharger,73,0.0,Any
100632,Public,Block,NoCharger,55,0.0,Any
100632,Residential,Block,NoCharger,365,0.0,Any
10062A,Public,Block,NoCharger,68,68.0,Any
10062A,Residential,Block,NoCharger,424,0.0,Any
100422,Residential,Block,NoCharger,347,0.0,Any
100443,Residential,Block,NoCharger,389,0.0,Any
100629,Residential,Block,NoCharger,399,0.0,Any
201421,Public,Block,NoCharger,1000000,0.0,Any
201421,Residential,Block,NoCharger,1720,0.0,Any
201421,Workplace,Block,NoCharger,1000000,0.0,Any
100624,Public,Block,NoCharger,28,105.44493999999999,Any
100624,Residential,Block,NoCharger,250,0.0,Any
100624,Workplace,Block,NoCharger,14,0.0,Any
100403,Residential,Block,NoCharger,1,0.0,Any
100621,Public,Block,NoCharger,1,105.44493999999999,Any
100621,Residential,Block,NoCharger,254,0.0,Any
201445,Public,Block,NoCharger,1000000,0.0,Any
201445,Residential,Block,NoCharger,1078,0.0,Any
201445,Workplace,Block,NoCharger,1000000,0.0,Any
201494,Public,Block,NoCharger,1000000,0.0,Any
201494,Residential,Block,NoCharger,570,0.0,Any
201494,Workplace,Block,NoCharger,1000000,0.0,Any
100413,Residential,Block,NoCharger,252,0.0,Any
100626,Public,Block,NoCharger,50,68.0,Any
100626,Residential,Block,NoCharger,263,0.0,Any
100554,Public,Block,NoCharger,435,0.0,Any
100554,Public,Block,NoCharger,111,0.0,Any
100554,Residential,Block,NoCharger,325,0.0,Any
201495,Public,Block,NoCharger,1000000,0.0,Any
201495,Residential,Block,NoCharger,507,0.0,Any
201495,Workplace,Block,NoCharger,1000000,0.0,Any
100761,Public,Block,NoCharger,293,104.62646,Any
100761,Public,Block,NoCharger,506,73.85396999999999,Any
100761,Public,Block,NoCharger,154,0.0,Any
100761,Residential,Block,NoCharger,877,0.0,Any
100761,Workplace,Block,NoCharger,118,0.0,Any
201431,Public,Block,NoCharger,1000000,0.0,Any
201431,Residential,Block,NoCharger,945,0.0,Any
201431,Workplace,Block,NoCharger,1000000,0.0,Any
100627,Public,Block,NoCharger,18,68.0,Any
100627,Public,Block,NoCharger,14,0.0,Any
100627,Residential,Block,NoCharger,297,0.0,Any
100402,Public,Block,NoCharger,43,0.0,Any
100402,Public,Block,NoCharger,1124,0.0,Any
100402,Public,Block,NoCharger,70,0.0,Any
100402,Residential,Block,NoCharger,11,0.0,Any
100402,Workplace,Block,NoCharger,210,0.0,Any
201482,Public,Block,NoCharger,1000000,0.0,Any
201482,Residential,Block,NoCharger,195,0.0,Any
201482,Workplace,Block,NoCharger,1000000,0.0,Any
201452,Public,Block,NoCharger,1000000,0.0,Any
201452,Residential,Block,NoCharger,1020,0.0,Any
201452,Workplace,Block,NoCharger,1000000,0.0,Any
100464,Residential,Block,NoCharger,368,0.0,Any
201475,Public,Block,NoCharger,1000000,0.0,Any
201475,Residential,Block,NoCharger,35,0.0,Any
201475,Workplace,Block,NoCharger,1000000,0.0,Any
100125,Public,Block,NoCharger,102,225.0,Any
100125,Public,Block,NoCharger,56,0.0,Any
100125,Residential,Block,NoCharger,265,0.0,Any
100125,Workplace,Block,NoCharger,27,0.0,Any
201483,Public,Block,NoCharger,1000000,0.0,Any
201483,Residential,Block,NoCharger,227,0.0,Any
201483,Workplace,Block,NoCharger,1000000,0.0,Any
201473,Public,Block,NoCharger,1000000,0.0,Any
201473,Residential,Block,NoCharger,191,0.0,Any
201473,Workplace,Block,NoCharger,1000000,0.0,Any
100066,Public,Block,NoCharger,144,277.92566,Any
100066,Public,Block,NoCharger,50,90.6058,Any
100066,Residential,Block,NoCharger,556,0.0,Any
100066,Workplace,Block,NoCharger,98,0.0,Any
100126,Public,Block,NoCharger,178,225.0,Any
100126,Public,Block,NoCharger,19,0.0,Any
100126,Residential,Block,NoCharger,270,0.0,Any
100444,Residential,Block,NoCharger,417,0.0,Any
100625,Public,Block,NoCharger,64,68.0,Any
100625,Public,Block,NoCharger,164,48.0,Any
100625,Public,Block,NoCharger,10,0.0,Any
100625,Residential,Block,NoCharger,175,0.0,Any
100131,Public,Block,NoCharger,239,225.01944,Any
100131,Public,Block,NoCharger,957,82.00709,Any
100131,Public,Block,NoCharger,458,0.0,Any
100131,Residential,Block,NoCharger,207,0.0,Any
100131,Workplace,Block,NoCharger,14,0.0,Any
100423,Public,Block,NoCharger,8,0.0,Any
100423,Residential,Block,NoCharger,297,0.0,Any
100553,Residential,Block,NoCharger,325,0.0,Any
100774,Public,Block,NoCharger,216,68.0,Any
100774,Public,Block,NoCharger,915,48.0,Any
100774,Public,Block,NoCharger,72,0.0,Any
100774,Residential,Block,NoCharger,104,0.0,Any
100774,Workplace,Block,NoCharger,239,0.0,Any
201402,Public,Block,NoCharger,1000000,0.0,Any
201402,Residential,Block,NoCharger,986,0.0,Any
201402,Workplace,Block,NoCharger,1000000,0.0,Any
100552,Residential,Block,NoCharger,315,0.0,Any
100552,Workplace,Block,NoCharger,121,0.0,Any
201503,Public,Block,NoCharger,1000000,0.0,Any
201503,Residential,Block,NoCharger,76,0.0,Any
201503,Workplace,Block,NoCharger,1000000,0.0,Any
201444,Public,Block,NoCharger,1000000,0.0,Any
201444,Residential,Block,NoCharger,999,0.0,Any
201444,Workplace,Block,NoCharger,1000000,0.0,Any
100661,Public,Block,NoCharger,35,0.0,Any
100661,Public,Block,NoCharger,210,0.0,Any
100661,Residential,Block,NoCharger,354,0.0,Any
201434,Public,Block,NoCharger,1000000,0.0,Any
201434,Residential,Block,NoCharger,1105,0.0,Any
201434,Workplace,Block,NoCharger,1000000,0.0,Any
100764,Public,Block,NoCharger,216,104.62646,Any
100764,Public,Block,NoCharger,98,73.85396999999999,Any
100764,Public,Block,NoCharger,38,0.0,Any
100764,Residential,Block,NoCharger,360,0.0,Any
100764,Workplace,Block,NoCharger,9,0.0,Any
201432,Public,Block,NoCharger,1000000,0.0,Any
201432,Residential,Block,NoCharger,757,0.0,Any
201432,Workplace,Block,NoCharger,1000000,0.0,Any
100754,Public,Block,NoCharger,91,68.0,Any
100754,Public,Block,NoCharger,51,0.0,Any
100754,Residential,Block,NoCharger,738,0.0,Any
100754,Workplace,Block,NoCharger,12,0.0,Any
201442,Public,Block,NoCharger,1000000,0.0,Any
201442,Residential,Block,NoCharger,567,0.0,Any
201442,Workplace,Block,NoCharger,1000000,0.0,Any
100645,Public,Block,NoCharger,39,0.0,Any
100645,Public,Block,NoCharger,13,0.0,Any
100645,Residential,Block,NoCharger,386,0.0,Any
101141,Public,Block,NoCharger,255,0.0,Any
101141,Public,Block,NoCharger,24,0.0,Any
101141,Public,Block,NoCharger,50,0.0,Any
101141,Residential,Block,NoCharger,420,0.0,Any
101141,Workplace,Block,NoCharger,12,0.0,Any
201443,Public,Block,NoCharger,1000000,0.0,Any
201443,Residential,Block,NoCharger,527,0.0,Any
201443,Workplace,Block,NoCharger,1000000,0.0,Any
101136,Public,Block,NoCharger,61,0.0,Any
101136,Public,Block,NoCharger,124,0.0,Any
101136,Residential,Block,NoCharger,396,0.0,Any
201462,Public,Block,NoCharger,1000000,0.0,Any
201462,Residential,Block,NoCharger,220,0.0,Any
201462,Workplace,Block,NoCharger,1000000,0.0,Any
101131,Public,Block,NoCharger,117,0.0,Any
101131,Public,Block,NoCharger,30,0.0,Any
101131,Public,Block,NoCharger,9,0.0,Any
101131,Residential,Block,NoCharger,429,0.0,Any
100663,Public,Block,NoCharger,1,0.0,Any
100663,Public,Block,NoCharger,14,0.0,Any
100663,Residential,Block,NoCharger,204,0.0,Any
100663,Workplace,Block,NoCharger,7,0.0,Any
100662,Public,Block,NoCharger,65,0.0,Any
100662,Public,Block,NoCharger,990,0.0,Any
100662,Residential,Block,NoCharger,329,0.0,Any
201481,Public,Block,NoCharger,1000000,0.0,Any
201481,Residential,Block,NoCharger,442,0.0,Any
201481,Workplace,Block,NoCharger,1000000,0.0,Any
201401,Public,Block,NoCharger,1000000,0.0,Any
201401,Residential,Block,NoCharger,1276,0.0,Any
201401,Workplace,Block,NoCharger,1000000,0.0,Any
100652,Public,Block,NoCharger,73,0.0,Any
100652,Residential,Block,NoCharger,939,0.0,Any
201472,Public,Block,NoCharger,1000000,0.0,Any
201472,Residential,Block,NoCharger,138,0.0,Any
201472,Workplace,Block,NoCharger,1000000,0.0,Any
100763,Public,Block,NoCharger,109,104.62646,Any
100763,Public,Block,NoCharger,40,73.85396999999999,Any
100763,Public,Block,NoCharger,97,0.0,Any
100763,Residential,Block,NoCharger,298,0.0,Any
100763,Workplace,Block,NoCharger,50,0.0,Any
100646,Residential,Block,NoCharger,406,0.0,Any
100811,Public,Block,NoCharger,166,0.0,Any
100811,Public,Block,NoCharger,400,0.0,Any
100811,Public,Block,NoCharger,136,0.0,Any
100811,Residential,Block,NoCharger,702,0.0,Any
100811,Workplace,Block,NoCharger,2332,0.0,Any
201554,Public,Block,NoCharger,1000000,0.0,Any
201554,Residential,Block,NoCharger,778,0.0,Any
201554,Workplace,Block,NoCharger,1000000,0.0,Any
100693,Public,Block,NoCharger,35,63.36966999999999,Any
100693,Public,Block,NoCharger,12,0.0,Any
100693,Public,Block,NoCharger,61,0.0,Any
100693,Residential,Block,NoCharger,448,0.0,Any
100693,Workplace,Block,NoCharger,7,0.0,Any
201403,Public,Block,NoCharger,1000000,0.0,Any
201403,Residential,Block,NoCharger,504,0.0,Any
201403,Workplace,Block,NoCharger,1000000,0.0,Any
100642,Residential,Block,NoCharger,327,0.0,Any
100781,Public,Block,NoCharger,14,0.0,Any
100781,Residential,Block,NoCharger,149,0.0,Any
10062C,Public,Block,NoCharger,53,100.38096,Any
10062C,Public,Block,NoCharger,32,70.85715,Any
10062C,Public,Block,NoCharger,249,0.0,Any
10062C,Residential,Block,NoCharger,401,0.0,Any
100641,Residential,Block,NoCharger,310,0.0,Any
100773,Public,Block,NoCharger,18,68.0,Any
100773,Public,Block,NoCharger,449,48.0,Any
100773,Public,Block,NoCharger,356,0.0,Any
100773,Residential,Block,NoCharger,144,0.0,Any
100773,Workplace,Block,NoCharger,263,0.0,Any
100771,Public,Block,NoCharger,100,68.0,Any
100771,Public,Block,NoCharger,100,48.0,Any
100771,Public,Block,NoCharger,440,0.0,Any
100771,Residential,Block,NoCharger,82,0.0,Any
100771,Workplace,Block,NoCharger,77,0.0,Any
100762,Public,Block,NoCharger,154,104.62646,Any
100762,Public,Block,NoCharger,104,73.85396999999999,Any
100762,Public,Block,NoCharger,28,0.0,Any
100762,Residential,Block,NoCharger,309,0.0,Any
100762,Workplace,Block,NoCharger,18,0.0,Any
201511,Public,Block,NoCharger,1000000,0.0,Any
201511,Residential,Block,NoCharger,191,0.0,Any
201511,Workplace,Block,NoCharger,1000000,0.0,Any
100651,Residential,Block,NoCharger,185,0.0,Any
100691,Public,Block,NoCharger,53,63.36966999999999,Any
100691,Residential,Block,NoCharger,299,0.0,Any
201502,Public,Block,NoCharger,1000000,0.0,Any
201502,Residential,Block,NoCharger,217,0.0,Any
201502,Workplace,Block,NoCharger,1000000,0.0,Any
100752,Public,Block,NoCharger,38,68.0,Any
100752,Residential,Block,NoCharger,648,0.0,Any
201553,Public,Block,NoCharger,1000000,0.0,Any
201553,Residential,Block,NoCharger,1779,0.0,Any
201553,Workplace,Block,NoCharger,1000000,0.0,Any
10062D,Public,Block,NoCharger,108,100.38096,Any
10062D,Public,Block,NoCharger,239,70.85715,Any
10062D,Public,Block,NoCharger,119,0.0,Any
10062D,Residential,Block,NoCharger,603,0.0,Any
100623,Residential,Block,NoCharger,610,0.0,Any
100634,Public,Block,NoCharger,100,0.0,Any
100634,Residential,Block,NoCharger,410,0.0,Any
201512,Public,Block,NoCharger,1000000,0.0,Any
201512,Residential,Block,NoCharger,118,0.0,Any
201512,Workplace,Block,NoCharger,1000000,0.0,Any
100782,Public,Block,NoCharger,284,0.0,Any
100782,Public,Block,NoCharger,2275,0.0,Any
100782,Public,Block,NoCharger,54,0.0,Any
100782,Residential,Block,NoCharger,798,0.0,Any
100782,Workplace,Block,NoCharger,76,0.0,Any
201493,Public,Block,NoCharger,1000000,0.0,Any
201493,Residential,Block,NoCharger,539,0.0,Any
201493,Workplace,Block,NoCharger,1000000,0.0,Any
100772,Public,Block,NoCharger,49,68.0,Any
100772,Public,Block,NoCharger,195,48.0,Any
100772,Public,Block,NoCharger,1200,0.0,Any
100772,Residential,Block,NoCharger,161,0.0,Any
100772,Workplace,Block,NoCharger,765,0.0,Any
201435,Public,Block,NoCharger,1000000,0.0,Any
201435,Residential,Block,NoCharger,588,0.0,Any
201435,Workplace,Block,NoCharger,1000000,0.0,Any
100622,Residential,Block,NoCharger,159,0.0,Any
10062B,Residential,Block,NoCharger,310,0.0,Any
10062B,Workplace,Block,NoCharger,15,0.0,Any
100633,Public,Block,NoCharger,94,0.0,Any
100633,Public,Block,NoCharger,17,0.0,Any
100633,Public,Block,NoCharger,90,0.0,Any
100633,Residential,Block,NoCharger,368,0.0,Any
100633,Workplace,Block,NoCharger,17,0.0,Any
201541,Public,Block,NoCharger,1000000,0.0,Any
201541,Residential,Block,NoCharger,1910,0.0,Any
201541,Workplace,Block,NoCharger,1000000,0.0,Any
101134,Residential,Block,NoCharger,395,0.0,Any
100675,Residential,Block,NoCharger,442,0.0,Any
100742,Public,Block,NoCharger,194,68.0,Any
100742,Public,Block,NoCharger,87,0.0,Any
100742,Public,Block,NoCharger,122,0.0,Any
100742,Residential,Block,NoCharger,490,0.0,Any
100742,Workplace,Block,NoCharger,14,0.0,Any
100671,Residential,Block,NoCharger,361,0.0,Any
101172,Public,Block,NoCharger,16,0.0,Any
101172,Residential,Block,NoCharger,417,0.0,Any
101133,Residential,Block,NoCharger,427,0.0,Any
101153,Residential,Block,NoCharger,299,0.0,Any
201491,Public,Block,NoCharger,1000000,0.0,Any
201491,Residential,Block,NoCharger,207,0.0,Any
201491,Workplace,Block,NoCharger,1000000,0.0,Any
100825,Residential,Block,NoCharger,410,0.0,Any
100676,Residential,Block,NoCharger,211,0.0,Any
101143,Public,Block,NoCharger,11,0.0,Any
101143,Residential,Block,NoCharger,422,0.0,Any
101152,Residential,Block,NoCharger,318,0.0,Any
100822,Public,Block,NoCharger,22,0.0,Any
100822,Residential,Block,NoCharger,353,0.0,Any
100822,Workplace,Block,NoCharger,6,0.0,Any
201492,Public,Block,NoCharger,1000000,0.0,Any
201492,Residential,Block,NoCharger,393,0.0,Any
201492,Workplace,Block,NoCharger,1000000,0.0,Any
100697,Residential,Block,NoCharger,611,0.0,Any
101142,Public,Block,NoCharger,59,0.0,Any
101142,Residential,Block,NoCharger,418,0.0,Any
100731,Public,Block,NoCharger,16,80.41871,Any
100731,Residential,Block,NoCharger,632,0.0,Any
100731,Workplace,Block,NoCharger,44,0.0,Any
101162,Public,Block,NoCharger,12,0.0,Any
101162,Residential,Block,NoCharger,341,0.0,Any
100694,Public,Block,NoCharger,105,61.0,Any
100694,Public,Block,NoCharger,28,0.0,Any
100694,Residential,Block,NoCharger,207,0.0,Any
10069A,Public,Block,NoCharger,35,61.0,Any
10069A,Public,Block,NoCharger,20,0.0,Any
10069A,Residential,Block,NoCharger,402,0.0,Any
101132,Public,Block,NoCharger,124,0.0,Any
101132,Public,Block,NoCharger,41,0.0,Any
101132,Residential,Block,NoCharger,430,0.0,Any
100644,Residential,Block,NoCharger,300,0.0,Any
100813,Public,Block,NoCharger,180,0.0,Any
100813,Residential,Block,NoCharger,104,0.0,Any
100813,Workplace,Block,NoCharger,85,0.0,Any
101171,Public,Block,NoCharger,20,0.0,Any
101171,Residential,Block,NoCharger,428,0.0,Any
100664,Public,Block,NoCharger,10,0.0,Any
100664,Public,Block,NoCharger,36,0.0,Any
100664,Residential,Block,NoCharger,152,0.0,Any
100835,Public,Block,NoCharger,13,0.0,Any
100835,Public,Block,NoCharger,100,0.0,Any
100835,Public,Block,NoCharger,20,0.0,Any
100835,Residential,Block,NoCharger,342,0.0,Any
100835,Workplace,Block,NoCharger,192,0.0,Any
201522,Public,Block,NoCharger,1000000,0.0,Any
201522,Residential,Block,NoCharger,148,0.0,Any
201522,Workplace,Block,NoCharger,1000000,0.0,Any
100741,Public,Block,NoCharger,138,68.0,Any
100741,Public,Block,NoCharger,17,0.0,Any
100741,Residential,Block,NoCharger,328,0.0,Any
101135,Public,Block,NoCharger,11,0.0,Any
101135,Residential,Block,NoCharger,402,0.0,Any
101135,Workplace,Block,NoCharger,22,0.0,Any
100836,Public,Block,NoCharger,26,0.0,Any
100836,Residential,Block,NoCharger,265,0.0,Any
100836,Workplace,Block,NoCharger,661,0.0,Any
201524,Public,Block,NoCharger,1000000,0.0,Any
201524,Residential,Block,NoCharger,176,0.0,Any
201524,Workplace,Block,NoCharger,1000000,0.0,Any
101178,Public,Block,NoCharger,18,0.0,Any
101178,Residential,Block,NoCharger,769,0.0,Any
100826,Public,Block,NoCharger,155,0.0,Any
100826,Residential,Block,NoCharger,459,0.0,Any
100826,Workplace,Block,NoCharger,67,0.0,Any
101151,Residential,Block,NoCharger,324,0.0,Any
101146,Public,Block,NoCharger,31,0.0,Any
101146,Public,Block,NoCharger,18,0.0,Any
101146,Residential,Block,NoCharger,635,0.0,Any
101146,Workplace,Block,NoCharger,15,0.0,Any
100643,Residential,Block,NoCharger,399,0.0,Any
201551,Public,Block,NoCharger,1000000,0.0,Any
201551,Residential,Block,NoCharger,1051,0.0,Any
201551,Workplace,Block,NoCharger,1000000,0.0,Any
100653,Residential,Block,NoCharger,325,0.0,Any
100821,Public,Block,NoCharger,60,0.0,Any
100821,Residential,Block,NoCharger,347,0.0,Any
101161,Residential,Block,NoCharger,370,0.0,Any
100665,Public,Block,NoCharger,34,0.0,Any
100665,Public,Block,NoCharger,165,0.0,Any
100665,Residential,Block,NoCharger,899,0.0,Any
100665,Workplace,Block,NoCharger,155,0.0,Any
